category,source,target,correlation
20,20대,여성,0.05738216099323925
20,20대,60대,-0.052437324913761775
20,20대,치매,-0.0025720819164167896
20,20대,환자,-0.0217519403928626
20,20대,살해,0.06117113194017798
20,20대,80대,0.00627584295060408
20,20대,코로나,-0.02002125266431286
20,20대,학대,-0.0003406036236605942
20,20대,코로나19,-0.051137272240021354
20,20대,청년,0.03974705184416419
20,20대,서울,0.034374070733473705
20,20대,냉장고,0.032393177419586805
20,20대,가족,0.030287024367007077
20,20대,초반,0.03028702436700714
20,20대,사고,0.02802737528461375
20,20대,갈등,0.025573561120726396
20,20대,남녀,0.025573561120726545
20,20대,건강,0.022863135408400327
20,20대,결혼,-0.033375814475577754
20,20대,강제,-0.033375814475577685
20,20대,경제,0.016151784782442034
20,여성,20대,0.057382160993239235
20,여성,60대,0.0014121688972337282
20,여성,치매,-0.04626368642182913
20,여성,환자,-0.023195734454018666
20,여성,살해,-0.04390590823837671
20,여성,80대,0.003839242909924254
20,여성,코로나,0.11314360052577403
20,여성,학대,-0.03300346063888303
20,여성,코로나19,0.21851953361375645
20,여성,청년,-0.028528659772431738
20,여성,서울,0.015633119099653335
20,여성,냉장고,-0.023250376938009267
20,여성,가족,-0.02173867428138728
20,여성,초반,-0.021738674281387323
20,여성,사고,-0.020116799025596425
20,여성,갈등,-0.018355560740533697
20,여성,남녀,-0.018355560740533603
20,여성,건강,-0.01641013813941675
20,여성,결혼,0.05541247625433089
20,여성,강제,0.12502999838448414
20,여성,경제,-0.011593030209698152
20,60대,20대,-0.052437324913761775
20,60대,여성,0.0014121688972337282
20,60대,치매,-0.034739169832445516
20,60대,환자,-0.03415811340660712
20,60대,살해,-0.03296872603349353
20,60대,80대,-0.03235938601153228
20,60대,코로나,-0.025556760780057253
20,60대,학대,-0.024782132874988927
20,60대,코로나19,-0.023984013011442862
20,60대,청년,-0.021422027373481034
20,60대,서울,-0.01852621137984005
20,60대,냉장고,-0.017458591296710305
20,60대,가족,-0.01632346136249532
20,60대,초반,-0.016323461362495295
20,60대,사고,-0.015105603376769064
20,60대,갈등,-0.013783098392139743
20,60대,남녀,-0.01378309839213975
20,60대,건강,-0.012322290329421389
20,60대,결혼,-0.010666497621015467
20,60대,강제,-0.010666497621015509
20,60대,경제,0.10142509847979626
20,치매,20대,-0.0025720819164167896
20,치매,여성,-0.04626368642182913
20,치매,60대,-0.034739169832445516
20,치매,환자,0.07237341237897364
20,치매,살해,0.04194280343489047
20,치매,80대,-0.027319172688675755
20,치매,코로나,-0.0215761065696592
20,치매,학대,0.20854641930310017
20,치매,코로나19,-0.02024832587965494
20,치매,청년,-0.018085388423287718
20,치매,서울,-0.015640617154243544
20,치매,냉장고,0.11458606821383911
20,치매,가족,-0.01378096171787714
20,치매,초반,-0.01378096171787713
20,치매,사고,-0.012752794106462
20,치매,갈등,-0.011636279038968134
20,치매,남녀,-0.011636279038968137
20,치매,건강,-0.010403002619069854
20,치매,결혼,-0.009005111851875762
20,치매,강제,-0.009005111851875683
20,치매,경제,-0.007349257063519885
20,환자,20대,-0.0217519403928626
20,환자,여성,-0.023195734454018666
20,환자,60대,-0.03415811340660712
20,환자,치매,0.07237341237897364
20,환자,살해,0.008080091360537407
20,환자,80대,-0.02686222507260119
20,환자,코로나,0.11456218247656653
20,환자,학대,-0.020572183626407926
20,환자,코로나19,0.028227455212808353
20,환자,청년,0.03596095026563636
20,환자,서울,-0.015379008107585529
20,환자,냉장고,-0.014492753623188356
20,환자,가족,-0.013550457753648017
20,환자,초반,-0.013550457753648087
20,환자,사고,-0.012539487542180344
20,환자,갈등,-0.011441647597254002
20,환자,남녀,-0.011441647597253947
20,환자,건강,0.17525685434424565
20,환자,결혼,-0.008854489999592968
20,환자,강제,-0.008854489999592978
20,환자,경제,-0.0072263314708101755
20,살해,20대,0.06117113194017798
20,살해,여성,-0.043905908238376715
20,살해,60대,-0.03296872603349354
20,살해,치매,0.04194280343489047
20,살해,환자,0.008080091360537407
20,살해,80대,0.04869863878287783
20,살해,코로나,-0.020476503894465106
20,살해,학대,0.028365512956770585
20,살해,코로나19,-0.01921639209523528
20,살해,청년,-0.017163686380893425
20,살해,서울,-0.014843510205917648
20,살해,냉장고,-0.013988115151037558
20,살해,가족,0.2773203397557686
20,살해,초반,-0.013078630075103619
20,살해,사고,-0.01210286190157636
20,살해,갈등,-0.011043248803450695
20,살해,남녀,0.07477857046908044
20,살해,건강,-0.009872824967552887
20,살해,결혼,-0.008546176174543224
20,살해,강제,-0.008546176174543216
20,살해,경제,-0.006974710214594833
20,80대,20대,0.006275842950604081
20,80대,여성,0.0038392429099242545
20,80대,60대,-0.03235938601153228
20,80대,치매,-0.027319172688675755
20,80대,환자,-0.026862225072601192
20,80대,살해,0.04869863878287783
20,80대,코로나,0.02754177178287987
20,80대,학대,-0.019488875838742748
20,80대,코로나19,-0.01886122772614706
20,80대,청년,-0.016846460867670807
20,80대,서울,-0.014569167035190733
20,80대,냉장고,-0.013729581703773941
20,80대,가족,-0.012836906062805166
20,80대,초반,-0.01283690606280513
20,80대,사고,-0.011879172392633598
20,80대,갈등,0.16387179097896248
20,80대,남녀,-0.010839143450347864
20,80대,건강,-0.009690351814770529
20,80대,결혼,-0.008388222628731611
20,80대,강제,-0.008388222628731654
20,80대,경제,-0.006845801075945811
20,코로나,20대,-0.02002125266431286
20,코로나,여성,0.11314360052577403
20,코로나,60대,-0.025556760780057253
20,코로나,치매,-0.0215761065696592
20,코로나,환자,0.11456218247656655
20,코로나,살해,-0.02047650389446511
20,코로나,80대,0.02754177178287987
20,코로나,학대,-0.015391903217986988
20,코로나,코로나19,-0.01489619997250679
20,코로나,청년,-0.013304979588680158
20,코로나,서울,-0.011506420936119458
20,코로나,냉장고,-0.010843334143872596
20,코로나,가족,-0.010138317744541197
20,코로나,초반,-0.010138317744541181
20,코로나,사고,-0.00938191988548246
20,코로나,갈등,-0.008560526955688874
20,코로나,남녀,-0.008560526955688852
20,코로나,건강,-0.007653235543975572
20,코로나,결혼,-0.006624841368002422
20,코로나,강제,-0.006624841368002395
20,코로나,경제,-0.005406669347293951
20,학대,20대,-0.0003406036236605942
20,학대,여성,-0.03300346063888303
20,학대,60대,-0.024782132874988927
20,학대,치매,0.2085464193031002
20,학대,환자,-0.020572183626407926
20,학대,살해,0.028365512956770582
20,학대,80대,-0.019488875838742748
20,학대,코로나,-0.015391903217986988
20,학대,코로나19,-0.014444694702434126
20,학대,청년,-0.012901704363214233
20,학대,서울,-0.011157660198352754
20,학대,냉장고,0.07886003723456397
20,학대,가족,-0.009831024347582207
20,학대,초반,-0.009831024347582287
20,학대,사고,-0.009097552981203964
20,학대,갈등,-0.008301056551006736
20,학대,남녀,-0.008301056551006731
20,학대,건강,-0.007421265230231838
20,학대,결혼,-0.006424041781761008
20,학대,강제,-0.006424041781761015
20,학대,경제,-0.0052427926734879724
20,코로나19,20대,-0.051137272240021354
20,코로나19,여성,0.21851953361375648
20,코로나19,60대,-0.023984013011442862
20,코로나19,치매,-0.02024832587965494
20,코로나19,환자,0.02822745521280836
20,코로나19,살해,-0.019216392095235277
20,코로나19,80대,-0.01886122772614706
20,코로나19,코로나,-0.014896199972506791
20,코로나19,학대,-0.014444694702434126
20,코로나19,청년,-0.012486199104735354
20,코로나19,서울,-0.010798322675633236
20,코로나19,냉장고,-0.01017604184787772
20,코로나19,가족,-0.009514411735972481
20,코로나19,초반,-0.009514411735972473
20,코로나19,사고,-0.008804562148631652
20,코로나19,갈등,-0.008033717248324532
20,코로나19,남녀,-0.008033717248324511
20,코로나19,건강,-0.007182260007284678
20,코로나19,결혼,-0.0062171525936456735
20,코로나19,강제,-0.006217152593645647
20,코로나19,경제,-0.0050739461502983954
20,청년,20대,0.03974705184416419
20,청년,여성,-0.028528659772431735
20,청년,60대,-0.021422027373481037
20,청년,치매,-0.018085388423287718
20,청년,환자,0.03596095026563636
20,청년,살해,-0.017163686380893422
20,청년,80대,-0.01684646086767081
20,청년,코로나,-0.013304979588680158
20,청년,학대,-0.012901704363214233
20,청년,코로나19,-0.012486199104735354
20,청년,서울,-0.009644839828711359
20,청년,냉장고,-0.009089031385820212
20,청년,가족,-0.00849807697124455
20,청년,초반,-0.008498076971244451
20,청년,사고,-0.007864053912475523
20,청년,갈등,-0.007175551094068555
20,청년,남녀,-0.007175551094068565
20,청년,건강,-0.0064150469900972566
20,청년,결혼,-0.005553032888309482
20,청년,강제,-0.005553032888309522
20,청년,경제,-0.00453194439443486
20,서울,20대,0.03437407073347371
20,서울,여성,0.015633119099653335
20,서울,60대,-0.018526211379840046
20,서울,치매,-0.01564061715424354
20,서울,환자,-0.015379008107585529
20,서울,살해,-0.014843510205917648
20,서울,80대,-0.014569167035190733
20,서울,코로나,-0.011506420936119458
20,서울,학대,-0.011157660198352752
20,서울,코로나19,-0.010798322675633236
20,서울,청년,-0.009644839828711359
20,서울,냉장고,-0.007860381921654834
20,서울,가족,-0.007349312347827652
20,서울,초반,-0.00734931234782773
20,서울,사고,-0.006800996121652579
20,서울,갈등,-0.0062055646749906625
20,서울,남녀,0.14383119902256286
20,서울,건강,-0.005547865030612038
20,서울,결혼,-0.004802377445160962
20,서울,강제,-0.0048023774451609455
20,서울,경제,-0.003919319042459863
20,냉장고,20대,0.03239317741958681
20,냉장고,여성,-0.023250376938009267
20,냉장고,60대,-0.017458591296710305
20,냉장고,치매,0.1145860682138391
20,냉장고,환자,-0.014492753623188356
20,냉장고,살해,-0.013988115151037558
20,냉장고,80대,-0.013729581703773941
20,냉장고,코로나,-0.010843334143872597
20,냉장고,학대,0.07886003723456397
20,냉장고,코로나19,-0.01017604184787772
20,냉장고,청년,-0.00908903138582021
20,냉장고,서울,-0.007860381921654835
20,냉장고,가족,-0.006925789518531203
20,냉장고,초반,-0.006925789518531284
20,냉장고,사고,-0.006409071410447737
20,냉장고,갈등,-0.005847953216374272
20,냉장고,남녀,-0.00584795321637425
20,냉장고,건강,-0.005228155187960671
20,냉장고,결혼,-0.004525628222014213
20,냉장고,강제,-0.004525628222014179
20,냉장고,경제,-0.0036934583073029823
20,가족,20대,0.03028702436700708
20,가족,여성,-0.021738674281387284
20,가족,60대,-0.01632346136249532
20,가족,치매,-0.01378096171787714
20,가족,환자,-0.013550457753648016
20,가족,살해,0.2773203397557686
20,가족,80대,-0.012836906062805166
20,가족,코로나,-0.010138317744541197
20,가족,학대,-0.009831024347582207
20,가족,코로나19,-0.009514411735972481
20,가족,청년,-0.008498076971244552
20,가족,서울,-0.007349312347827652
20,가족,냉장고,-0.006925789518531203
20,가족,초반,-0.006475485661424652
20,가족,사고,-0.005992363745729594
20,가족,갈등,-0.005467728567261524
20,가족,남녀,-0.005467728567261479
20,가족,건강,-0.004888228824274407
20,가족,결혼,-0.004231379048147367
20,가족,강제,-0.0042313790481473545
20,가족,경제,-0.003453315502299893
20,초반,20대,0.03028702436700714
20,초반,여성,-0.02173867428138732
20,초반,60대,-0.01632346136249529
20,초반,치매,-0.013780961717877129
20,초반,환자,-0.013550457753648085
20,초반,살해,-0.01307863007510362
20,초반,80대,-0.01283690606280513
20,초반,코로나,-0.010138317744541181
20,초반,학대,-0.009831024347582285
20,초반,코로나19,-0.009514411735972473
20,초반,청년,-0.008498076971244451
20,초반,서울,-0.00734931234782773
20,초반,냉장고,-0.006925789518531283
20,초반,가족,-0.0064754856614246525
20,초반,사고,-0.005992363745729596
20,초반,갈등,-0.005467728567261527
20,초반,남녀,-0.005467728567261524
20,초반,건강,-0.0048882288242743975
20,초반,결혼,-0.0042313790481473676
20,초반,강제,-0.004231379048147388
20,초반,경제,-0.003453315502299839
20,사고,20대,0.028027375284613753
20,사고,여성,-0.020116799025596425
20,사고,60대,-0.015105603376769064
20,사고,치매,-0.012752794106462
20,사고,환자,-0.012539487542180344
20,사고,살해,-0.01210286190157636
20,사고,80대,-0.011879172392633598
20,사고,코로나,-0.00938191988548246
20,사고,학대,-0.009097552981203964
20,사고,코로나19,-0.008804562148631652
20,사고,청년,-0.007864053912475523
20,사고,서울,-0.006800996121652579
20,사고,냉장고,-0.006409071410447738
20,사고,가족,-0.005992363745729594
20,사고,초반,-0.005992363745729597
20,사고,갈등,-0.005059793218774532
20,사고,남녀,-0.005059793218774516
20,사고,건강,-0.00452352869251327
20,사고,결혼,-0.003915685051023608
20,사고,강제,-0.003915685051023592
20,사고,경제,-0.00319567113580715
20,갈등,20대,0.0255735611207264
20,갈등,여성,-0.018355560740533697
20,갈등,60대,-0.013783098392139745
20,갈등,치매,-0.011636279038968134
20,갈등,환자,-0.011441647597254002
20,갈등,살해,-0.011043248803450695
20,갈등,80대,0.16387179097896248
20,갈등,코로나,-0.008560526955688876
20,갈등,학대,-0.008301056551006736
20,갈등,코로나19,-0.008033717248324532
20,갈등,청년,-0.007175551094068555
20,갈등,서울,-0.006205564674990662
20,갈등,냉장고,-0.005847953216374272
20,갈등,가족,-0.005467728567261524
20,갈등,초반,-0.005467728567261527
20,갈등,사고,-0.005059793218774532
20,갈등,남녀,-0.004616805170821777
20,갈등,건강,-0.00412749093786368
20,갈등,결혼,-0.0035728643858006937
20,갈등,강제,-0.0035728643858006976
20,갈등,경제,-0.0029158881373444463
20,남녀,20대,0.02557356112072655
20,남녀,여성,-0.018355560740533603
20,남녀,60대,-0.01378309839213975
20,남녀,치매,-0.011636279038968135
20,남녀,환자,-0.011441647597253947
20,남녀,살해,0.07477857046908044
20,남녀,80대,-0.010839143450347864
20,남녀,코로나,-0.008560526955688852
20,남녀,학대,-0.008301056551006731
20,남녀,코로나19,-0.008033717248324511
20,남녀,청년,-0.007175551094068565
20,남녀,서울,0.14383119902256286
20,남녀,냉장고,-0.00584795321637425
20,남녀,가족,-0.00546772856726148
20,남녀,초반,-0.005467728567261524
20,남녀,사고,-0.005059793218774516
20,남녀,갈등,-0.004616805170821776
20,남녀,건강,-0.004127490937863669
20,남녀,결혼,-0.003572864385800678
20,남녀,강제,-0.0035728643858006764
20,남녀,경제,-0.002915888137344435
20,건강,20대,0.022863135408400327
20,건강,여성,-0.01641013813941675
20,건강,60대,-0.01232229032942139
20,건강,치매,-0.010403002619069854
20,건강,환자,0.17525685434424565
20,건강,살해,-0.009872824967552887
20,건강,80대,-0.009690351814770529
20,건강,코로나,-0.007653235543975572
20,건강,학대,-0.007421265230231838
20,건강,코로나19,-0.007182260007284678
20,건강,청년,-0.0064150469900972566
20,건강,서울,-0.005547865030612038
20,건강,냉장고,-0.00522815518796067
20,건강,가족,-0.004888228824274407
20,건강,초반,-0.004888228824274397
20,건강,사고,-0.0045235286925132704
20,건강,갈등,-0.00412749093786368
20,건강,남녀,-0.00412749093786367
20,건강,결혼,-0.003194192700140151
20,건강,강제,-0.0031941927001401496
20,건강,경제,-0.002606846383463703
20,결혼,20대,-0.03337581447557775
20,결혼,여성,0.05541247625433089
20,결혼,60대,-0.010666497621015465
20,결혼,치매,-0.009005111851875762
20,결혼,환자,-0.008854489999592968
20,결혼,살해,-0.008546176174543223
20,결혼,80대,-0.008388222628731611
20,결혼,코로나,-0.006624841368002422
20,결혼,학대,-0.006424041781761008
20,결혼,코로나19,-0.0062171525936456735
20,결혼,청년,-0.005553032888309482
20,결혼,서울,-0.004802377445160962
20,결혼,냉장고,-0.004525628222014212
20,결혼,가족,-0.004231379048147367
20,결혼,초반,-0.0042313790481473676
20,결혼,사고,-0.003915685051023608
20,결혼,갈등,-0.003572864385800694
20,결혼,남녀,-0.0035728643858006785
20,결혼,건강,-0.003194192700140151
20,결혼,강제,-0.002764976958525349
20,결혼,경제,-0.002256554585568999
20,강제,20대,-0.033375814475577685
20,강제,여성,0.12502999838448417
20,강제,60대,-0.010666497621015509
20,강제,치매,-0.009005111851875683
20,강제,환자,-0.008854489999592976
20,강제,살해,-0.008546176174543216
20,강제,80대,-0.008388222628731653
20,강제,코로나,-0.006624841368002395
20,강제,학대,-0.006424041781761015
20,강제,코로나19,-0.006217152593645646
20,강제,청년,-0.005553032888309521
20,강제,서울,-0.0048023774451609455
20,강제,냉장고,-0.00452562822201418
20,강제,가족,-0.0042313790481473545
20,강제,초반,-0.004231379048147389
20,강제,사고,-0.003915685051023592
20,강제,갈등,-0.0035728643858006968
20,강제,남녀,-0.003572864385800677
20,강제,건강,-0.0031941927001401496
20,강제,결혼,-0.002764976958525349
20,강제,경제,-0.002256554585569009
20,경제,20대,0.016151784782442037
20,경제,여성,-0.011593030209698152
20,경제,60대,0.10142509847979625
20,경제,치매,-0.007349257063519885
20,경제,환자,-0.007226331470810175
20,경제,살해,-0.0069747102145948335
20,경제,80대,-0.006845801075945812
20,경제,코로나,-0.005406669347293951
20,경제,학대,-0.005242792673487972
20,경제,코로나19,-0.005073946150298396
20,경제,청년,-0.00453194439443486
20,경제,서울,-0.003919319042459863
20,경제,냉장고,-0.003693458307302982
20,경제,가족,-0.003453315502299893
20,경제,초반,-0.003453315502299839
20,경제,사고,-0.0031956711358071496
20,경제,갈등,-0.0029158881373444463
20,경제,남녀,-0.002915888137344435
20,경제,건강,-0.0026068463834637034
20,경제,결혼,-0.002256554585568999
20,경제,강제,-0.0022565545855690087
30,30대,여성,0.07500423630129689
30,30대,남성,0.07777282795764802
30,30대,일자리,-0.03949889836516762
30,30대,40대,0.03016466217881597
30,30대,선고,0.013452644322624384
30,30대,이하,0.05103559236296048
30,30대,청년,-0.012342991453743636
30,여성,30대,0.07500423630129689
30,여성,남성,0.038320733347783326
30,여성,일자리,-0.013213040655106038
30,여성,40대,-0.04312354447535967
30,여성,선고,0.06326234908579098
30,여성,이하,-0.0357638908148315
30,여성,청년,-0.02657042222869467
30,남성,30대,0.077772827957648
30,남성,여성,0.038320733347783326
30,남성,일자리,-0.038973498935177084
30,남성,40대,-0.03396941027415003
30,남성,선고,0.09371116547595672
30,남성,이하,-0.02817204139569461
30,남성,청년,-0.020930134218434822
30,일자리,30대,-0.03949889836516763
30,일자리,여성,-0.013213040655106036
30,일자리,남성,-0.038973498935177084
30,일자리,40대,-0.024450903253517935
30,일자리,선고,-0.020278004624190386
30,일자리,이하,-0.020278004624190268
30,일자리,청년,0.09535473492098025
30,40대,30대,0.03016466217881597
30,40대,여성,-0.043123544475359675
30,40대,남성,-0.03396941027415003
30,40대,일자리,-0.024450903253517935
30,40대,선고,-0.017674365336454344
30,40대,이하,-0.017674365336454244
30,40대,청년,-0.013130991592756077
30,선고,30대,0.013452644322624384
30,선고,여성,0.06326234908579098
30,선고,남성,0.0937111654759567
30,선고,일자리,-0.020278004624190386
30,선고,40대,-0.017674365336454344
30,선고,이하,-0.014657980456026017
30,선고,청년,-0.010889998846966962
30,이하,30대,0.05103559236296048
30,이하,여성,-0.0357638908148315
30,이하,남성,-0.028172041395694607
30,이하,일자리,-0.02027800462419027
30,이하,40대,-0.017674365336454244
30,이하,선고,-0.014657980456026015
30,이하,청년,-0.010889998846966948
30,청년,30대,-0.012342991453743634
30,청년,여성,-0.02657042222869467
30,청년,남성,-0.020930134218434822
30,청년,일자리,0.09535473492098025
30,청년,40대,-0.013130991592756077
30,청년,선고,-0.010889998846966962
30,청년,이하,-0.010889998846966948
40,40대,일자리,-0.057770058597837584
40,40대,여성,0.04049985850017715
40,40대,성폭행,0.05312215223296246
40,40대,감소,-0.04875197278409928
40,40대,시신,0.05631780164529076
40,40대,경제,-0.016071143737874858
40,40대,추락,0.051023352049507316
40,40대,백골,0.04302824278029163
40,40대,청년,-0.07578108429961822
40,40대,7년,0.04079788743047845
40,40대,건강,-0.0942442925276998
40,40대,중년,0.03325692009183444
40,40대,절반,0.03325692009183434
40,40대,노안,-0.0815290914191609
40,40대,30대,0.030342771453438878
40,40대,고민,-0.011548368239741647
40,40대,수술,-0.01968562236406583
40,40대,사회,-0.030544636424225467
40,40대,중반,0.023477904096632148
40,40대,3년,0.019159241193948077
40,40대,경력,0.013540296417794018
40,일자리,40대,-0.05777005859783758
40,일자리,여성,-0.04575723107811231
40,일자리,성폭행,-0.03781708129522814
40,일자리,감소,0.0950609263774352
40,일자리,시신,-0.029841855962893363
40,일자리,경제,0.13037938883094347
40,일자리,추락,-0.027036416161899692
40,일자리,백골,-0.02279994221850528
40,일자리,청년,-0.022799942218505367
40,일자리,7년,-0.021618114427811395
40,일자리,건강,-0.020370637434018662
40,일자리,중년,-0.017622282655860116
40,일자리,절반,-0.017622282655860147
40,일자리,노안,-0.01762228265586015
40,일자리,30대,-0.016078124301292445
40,일자리,고민,-0.016078124301292445
40,일자리,수술,-0.014372902316896932
40,일자리,사회,-0.012440546539353555
40,일자리,중반,-0.01244054653935359
40,일자리,3년,-0.010152159696665714
40,일자리,경력,-0.007174775356816121
40,여성,40대,0.040499858500177156
40,여성,일자리,-0.045757231078112304
40,여성,성폭행,0.09145021407114143
40,여성,감소,-0.034241964125757335
40,여성,시신,0.01134448386887063
40,여성,경제,-0.027835145275143865
40,여성,추락,-0.026008797415435755
40,여성,백골,-0.021933346294632526
40,여성,청년,-0.021933346294632592
40,여성,7년,-0.020796438229450175
40,여성,건강,-0.019596376201343982
40,여성,중년,0.050060536775580054
40,여성,절반,0.05006053677558043
40,여성,노안,-0.016952482786520662
40,여성,30대,-0.015467015867354784
40,여성,고민,-0.015467015867354807
40,여성,수술,0.06815808261199437
40,여성,사회,-0.011967697669017273
40,여성,중반,0.08264871552620477
40,여성,3년,-0.009766289411236025
40,여성,경력,-0.0069020715482129
40,성폭행,40대,0.05312215223296247
40,성폭행,일자리,-0.03781708129522814
40,성폭행,여성,0.09145021407114143
40,성폭행,감소,-0.02830003281539186
40,성폭행,시신,-0.023726039558908802
40,성폭행,경제,-0.02300497488446421
40,성폭행,추락,-0.021495549076638604
40,성폭행,백골,-0.018127301857154464
40,성폭행,청년,-0.018127301857154415
40,성폭행,7년,0.048238670825326735
40,성폭행,건강,-0.016195860947813976
40,성폭행,중년,-0.014010756433215914
40,성폭행,절반,0.06598893307743002
40,성폭행,노안,-0.014010756433215907
40,성폭행,30대,-0.01278305926011619
40,성폭행,고민,-0.012783059260116157
40,성폭행,수술,-0.011427306980204556
40,성폭행,사회,-0.009890969907976527
40,성폭행,중반,-0.009890969907976553
40,성폭행,3년,-0.008071567092574866
40,성폭행,경력,-0.0057043705376024325
40,감소,40대,-0.04875197278409929
40,감소,일자리,0.09506092637743518
40,감소,여성,-0.034241964125757335
40,감소,성폭행,-0.02830003281539186
40,감소,시신,-0.022331853070021224
40,감소,경제,-0.021653159505353587
40,감소,추락,-0.020232430382957706
40,감소,백골,-0.017062107673924555
40,감소,청년,-0.017062107673924583
40,감소,7년,-0.016177698721322478
40,감소,건강,-0.015244161847200014
40,감소,중년,-0.01318745816340624
40,감소,절반,-0.013187458163406246
40,감소,노안,-0.013187458163406197
40,감소,30대,-0.012031902773891278
40,감소,고민,-0.012031902773891276
40,감소,수술,-0.010755817035301807
40,감소,사회,-0.009309758004765467
40,감소,중반,-0.009309758004765457
40,감소,3년,-0.007597266703895303
40,감소,경력,0.20156762979087084
40,시신,40대,0.05631780164529075
40,시신,일자리,-0.029841855962893366
40,시신,여성,0.01134448386887063
40,시신,성폭행,-0.023726039558908806
40,시신,감소,-0.022331853070021227
40,시신,경제,-0.018153467253930793
40,시신,추락,-0.016962363498668462
40,시신,백골,0.608359599496816
40,시신,청년,-0.014304444248196182
40,시신,7년,-0.013562977906705612
40,시신,건강,-0.012780323944796331
40,시신,중년,-0.01105603502679539
40,시신,절반,-0.011056035026795355
40,시신,노안,-0.011056035026795355
40,시신,30대,-0.01008724629559534
40,시신,고민,-0.010087246295595348
40,시신,수술,-0.009017407934917999
40,시신,사회,-0.0078050682183237
40,시신,중반,-0.007805068218323728
40,시신,3년,-0.006369358351350219
40,시신,경력,-0.004501378692162182
40,경제,40대,-0.016071143737874858
40,경제,일자리,0.13037938883094347
40,경제,여성,-0.027835145275143868
40,경제,성폭행,-0.023004974884464215
40,경제,감소,-0.021653159505353587
40,경제,시신,-0.018153467253930793
40,경제,추락,-0.016446855586628947
40,경제,백골,-0.013869713900161213
40,경제,청년,-0.013869713900161168
40,경제,7년,-0.013150781668706582
40,경제,건강,-0.012391913561273588
40,경제,중년,-0.010720027987885598
40,경제,절반,-0.01072002798788558
40,경제,노안,-0.010720027987885614
40,경제,30대,-0.009780681984762209
40,경제,고민,-0.00978068198476221
40,경제,수술,-0.008743357379586935
40,경제,사회,-0.0075678622168800285
40,경제,중반,-0.0075678622168799834
40,경제,3년,-0.006175785408228561
40,경제,경력,-0.004364576038977769
40,추락,40대,0.05102335204950732
40,추락,일자리,-0.027036416161899692
40,추락,여성,-0.02600879741543576
40,추락,성폭행,-0.021495549076638604
40,추락,감소,-0.020232430382957703
40,추락,시신,-0.016962363498668462
40,추락,경제,-0.016446855586628943
40,추락,백골,-0.012959680126457736
40,추락,청년,-0.01295968012645776
40,추락,7년,-0.012287919207716378
40,추락,건강,-0.011578842726305539
40,추락,중년,-0.010016654609440664
40,추락,절반,-0.010016654609440628
40,추락,노안,-0.010016654609440595
40,추락,30대,-0.009138941931574633
40,추락,고민,-0.009138941931574605
40,추락,수술,-0.008169679323337288
40,추락,사회,-0.0070713119447064045
40,추락,중반,-0.007071311944706421
40,추락,3년,-0.005770573495344927
40,추락,경력,-0.004078203037201598
40,백골,40대,0.04302824278029163
40,백골,일자리,-0.02279994221850528
40,백골,여성,-0.021933346294632526
40,백골,성폭행,-0.018127301857154464
40,백골,감소,-0.017062107673924555
40,백골,시신,0.608359599496816
40,백골,경제,-0.013869713900161213
40,백골,추락,-0.012959680126457738
40,백골,청년,-0.010928961748633823
40,백골,7년,-0.010362462474461015
40,백골,건강,-0.009764494803455388
40,백골,중년,-0.008447093910316724
40,백골,절반,-0.008447093910316701
40,백골,노안,-0.008447093910316745
40,백골,30대,-0.007706914508580956
40,백골,고민,-0.007706914508580937
40,백골,수술,-0.006889530601999707
40,백골,사회,-0.005963272009976548
40,백골,중반,-0.0059632720099765165
40,백골,3년,-0.004866352902457281
40,백골,경력,-0.0034391686030696127
40,청년,40대,-0.07578108429961822
40,청년,일자리,-0.022799942218505367
40,청년,여성,-0.021933346294632592
40,청년,성폭행,-0.01812730185715442
40,청년,감소,-0.017062107673924583
40,청년,시신,-0.014304444248196184
40,청년,경제,-0.01386971390016117
40,청년,추락,-0.012959680126457762
40,청년,백골,-0.010928961748633823
40,청년,7년,-0.010362462474460998
40,청년,건강,-0.009764494803455393
40,청년,중년,-0.008447093910316717
40,청년,절반,-0.008447093910316736
40,청년,노안,-0.008447093910316705
40,청년,30대,-0.007706914508580935
40,청년,고민,0.13487100390016646
40,청년,수술,-0.006889530601999742
40,청년,사회,-0.005963272009976517
40,청년,중반,-0.005963272009976533
40,청년,3년,-0.004866352902457279
40,청년,경력,-0.0034391686030695863
40,7년,40대,0.04079788743047845
40,7년,일자리,-0.021618114427811395
40,7년,여성,-0.020796438229450175
40,7년,성폭행,0.048238670825326735
40,7년,감소,-0.016177698721322478
40,7년,시신,-0.013562977906705612
40,7년,경제,-0.013150781668706582
40,7년,추락,-0.012287919207716378
40,7년,백골,-0.010362462474461017
40,7년,청년,-0.010362462474460998
40,7년,건강,-0.009258355304933156
40,7년,중년,-0.008009241470247308
40,7년,절반,-0.008009241470247305
40,7년,노안,-0.008009241470247305
40,7년,30대,-0.007307429033597974
40,7년,고민,-0.007307429033597997
40,7년,수술,-0.006532413963183356
40,7년,사회,-0.0056541676921972655
40,7년,중반,-0.005654167692197275
40,7년,3년,-0.004614107039536635
40,7년,경력,-0.0032609003867277424
40,건강,40대,-0.0942442925276998
40,건강,일자리,-0.020370637434018662
40,건강,여성,-0.019596376201343982
40,건강,성폭행,-0.016195860947813976
40,건강,감소,-0.015244161847200016
40,건강,시신,-0.012780323944796331
40,건강,경제,-0.012391913561273588
40,건강,추락,-0.011578842726305539
40,건강,백골,-0.009764494803455388
40,건강,청년,-0.009764494803455393
40,건강,7년,-0.009258355304933156
40,건강,중년,-0.007547066820130284
40,건강,절반,-0.007547066820130244
40,건강,노안,-0.00754706682013021
40,건강,30대,-0.006885752590278799
40,건강,고민,-0.006885752590278796
40,건강,수술,0.17177580275553425
40,건강,사회,-0.005327892977600097
40,건강,중반,-0.00532789297760011
40,건강,3년,-0.00434784920294591
40,건강,경력,-0.003072729571688526
40,중년,40대,0.03325692009183444
40,중년,일자리,-0.017622282655860112
40,중년,여성,0.050060536775580054
40,중년,성폭행,-0.014010756433215912
40,중년,감소,-0.01318745816340624
40,중년,시신,-0.01105603502679539
40,중년,경제,-0.010720027987885598
40,중년,추락,-0.010016654609440664
40,중년,백골,-0.008447093910316724
40,중년,청년,-0.008447093910316717
40,중년,7년,-0.008009241470247308
40,중년,건강,-0.007547066820130284
40,중년,절반,-0.0065288356909684354
40,중년,노안,-0.006528835690968442
40,중년,30대,-0.005956744301068074
40,중년,고민,-0.0059567443010680775
40,중년,수술,-0.005324980847367963
40,중년,사회,-0.004609067159314681
40,중년,중반,-0.004609067159314684
40,중년,3년,-0.0037612484070536204
40,중년,경력,-0.0026581646849640514
40,절반,40대,0.03325692009183434
40,절반,일자리,-0.017622282655860147
40,절반,여성,0.05006053677558042
40,절반,성폭행,0.06598893307743002
40,절반,감소,-0.013187458163406248
40,절반,시신,-0.011056035026795355
40,절반,경제,-0.010720027987885582
40,절반,추락,-0.010016654609440628
40,절반,백골,-0.008447093910316701
40,절반,청년,-0.008447093910316736
40,절반,7년,-0.008009241470247305
40,절반,건강,-0.007547066820130243
40,절반,중년,-0.006528835690968436
40,절반,노안,-0.006528835690968419
40,절반,30대,-0.005956744301068058
40,절반,고민,-0.005956744301068048
40,절반,수술,-0.005324980847367986
40,절반,사회,-0.00460906715931466
40,절반,중반,-0.004609067159314669
40,절반,3년,-0.0037612484070535775
40,절반,경력,-0.00265816468496405
40,노안,40대,-0.08152909141916088
40,노안,일자리,-0.01762228265586015
40,노안,여성,-0.016952482786520662
40,노안,성폭행,-0.014010756433215907
40,노안,감소,-0.013187458163406197
40,노안,시신,-0.011056035026795353
40,노안,경제,-0.010720027987885614
40,노안,추락,-0.010016654609440595
40,노안,백골,-0.008447093910316747
40,노안,청년,-0.008447093910316705
40,노안,7년,-0.008009241470247305
40,노안,건강,-0.00754706682013021
40,노안,중년,-0.006528835690968442
40,노안,절반,-0.006528835690968419
40,노안,30대,-0.005956744301068025
40,노안,고민,-0.005956744301068034
40,노안,수술,-0.00532498084736796
40,노안,사회,-0.004609067159314691
40,노안,중반,-0.00460906715931467
40,노안,3년,-0.003761248407053583
40,노안,경력,-0.0026581646849640496
40,30대,40대,0.030342771453438878
40,30대,일자리,-0.01607812430129245
40,30대,여성,-0.015467015867354782
40,30대,성폭행,-0.01278305926011619
40,30대,감소,-0.012031902773891278
40,30대,시신,-0.01008724629559534
40,30대,경제,-0.009780681984762209
40,30대,추락,-0.009138941931574633
40,30대,백골,-0.007706914508580955
40,30대,청년,-0.007706914508580935
40,30대,7년,-0.007307429033597975
40,30대,건강,-0.006885752590278799
40,30대,중년,-0.005956744301068074
40,30대,절반,-0.0059567443010680576
40,30대,노안,-0.0059567443010680255
40,30대,고민,-0.005434782608695659
40,30대,수술,-0.0048583776368785695
40,30대,사회,-0.0042051961228657085
40,30대,중반,-0.004205196122865683
40,30대,3년,-0.0034316677695858232
40,30대,경력,-0.0024252421240074616
40,고민,40대,-0.011548368239741647
40,고민,일자리,-0.01607812430129245
40,고민,여성,-0.015467015867354807
40,고민,성폭행,-0.012783059260116157
40,고민,감소,-0.012031902773891276
40,고민,시신,-0.010087246295595348
40,고민,경제,-0.00978068198476221
40,고민,추락,-0.009138941931574605
40,고민,백골,-0.0077069145085809365
40,고민,청년,0.13487100390016646
40,고민,7년,-0.007307429033597996
40,고민,건강,-0.006885752590278796
40,고민,중년,-0.0059567443010680775
40,고민,절반,-0.005956744301068049
40,고민,노안,-0.005956744301068033
40,고민,30대,-0.005434782608695659
40,고민,수술,-0.004858377636878569
40,고민,사회,-0.00420519612286567
40,고민,중반,-0.00420519612286569
40,고민,3년,-0.0034316677695858003
40,고민,경력,-0.0024252421240074725
40,수술,40대,-0.01968562236406583
40,수술,일자리,-0.01437290231689693
40,수술,여성,0.06815808261199437
40,수술,성폭행,-0.011427306980204556
40,수술,감소,-0.010755817035301807
40,수술,시신,-0.009017407934917999
40,수술,경제,-0.008743357379586935
40,수술,추락,-0.008169679323337288
40,수술,백골,-0.006889530601999706
40,수술,청년,-0.006889530601999742
40,수술,7년,-0.006532413963183356
40,수술,건강,0.17177580275553422
40,수술,중년,-0.005324980847367963
40,수술,절반,-0.005324980847367986
40,수술,노안,-0.00532498084736796
40,수술,30대,-0.0048583776368785695
40,수술,고민,-0.004858377636878569
40,수술,사회,-0.003759199267571511
40,수술,중반,-0.0037591992675715257
40,수술,3년,-0.0030677101826072934
40,수술,경력,-0.00216802454627004
40,사회,40대,-0.030544636424225464
40,사회,일자리,-0.012440546539353555
40,사회,여성,-0.011967697669017275
40,사회,성폭행,-0.009890969907976527
40,사회,감소,-0.009309758004765465
40,사회,시신,-0.0078050682183237
40,사회,경제,-0.0075678622168800285
40,사회,추락,-0.007071311944706405
40,사회,백골,-0.005963272009976548
40,사회,청년,-0.005963272009976517
40,사회,7년,-0.0056541676921972655
40,사회,건강,-0.005327892977600097
40,사회,중년,-0.004609067159314681
40,사회,절반,-0.004609067159314661
40,사회,노안,-0.004609067159314692
40,사회,30대,-0.0042051961228657085
40,사회,고민,-0.00420519612286567
40,사회,수술,-0.003759199267571511
40,사회,중반,-0.003253796095444707
40,사회,3년,-0.0026552738239310598
40,사회,경력,-0.00187654585494716
40,중반,40대,0.023477904096632148
40,중반,일자리,-0.012440546539353588
40,중반,여성,0.08264871552620479
40,중반,성폭행,-0.009890969907976553
40,중반,감소,-0.009309758004765457
40,중반,시신,-0.007805068218323729
40,중반,경제,-0.007567862216879984
40,중반,추락,-0.007071311944706422
40,중반,백골,-0.0059632720099765165
40,중반,청년,-0.005963272009976533
40,중반,7년,-0.005654167692197276
40,중반,건강,-0.00532789297760011
40,중반,중년,-0.004609067159314684
40,중반,절반,-0.004609067159314669
40,중반,노안,-0.00460906715931467
40,중반,30대,-0.004205196122865683
40,중반,고민,-0.00420519612286569
40,중반,수술,-0.0037591992675715257
40,중반,사회,-0.0032537960954447075
40,중반,3년,-0.002655273823931073
40,중반,경력,-0.0018765458549471654
40,3년,40대,0.019159241193948077
40,3년,일자리,-0.010152159696665716
40,3년,여성,-0.009766289411236024
40,3년,성폭행,-0.008071567092574866
40,3년,감소,-0.007597266703895304
40,3년,시신,-0.00636935835135022
40,3년,경제,-0.006175785408228562
40,3년,추락,-0.005770573495344927
40,3년,백골,-0.004866352902457282
40,3년,청년,-0.00486635290245728
40,3년,7년,-0.004614107039536635
40,3년,건강,-0.00434784920294591
40,3년,중년,-0.0037612484070536204
40,3년,절반,-0.0037612484070535775
40,3년,노안,-0.0037612484070535827
40,3년,30대,-0.003431667769585823
40,3년,고민,-0.0034316677695858003
40,3년,수술,-0.0030677101826072934
40,3년,사회,-0.0026552738239310598
40,3년,중반,-0.002655273823931073
40,3년,경력,-0.00153136304239327
40,경력,40대,0.013540296417794017
40,경력,일자리,-0.007174775356816122
40,경력,여성,-0.0069020715482129
40,경력,성폭행,-0.0057043705376024325
40,경력,감소,0.20156762979087084
40,경력,시신,-0.004501378692162183
40,경력,경제,-0.004364576038977769
40,경력,추락,-0.004078203037201598
40,경력,백골,-0.0034391686030696127
40,경력,청년,-0.0034391686030695863
40,경력,7년,-0.0032609003867277424
40,경력,건강,-0.003072729571688526
40,경력,중년,-0.0026581646849640514
40,경력,절반,-0.00265816468496405
40,경력,노안,-0.002658164684964049
40,경력,30대,-0.0024252421240074616
40,경력,고민,-0.002425242124007472
40,경력,수술,-0.00216802454627004
40,경력,사회,-0.00187654585494716
40,경력,중반,-0.0018765458549471654
40,경력,3년,-0.0015313630423932703
50,50대,치매,0.08138110553313016
50,50대,노모,0.07850548050035766
50,50대,남성,0.0632222677495058
50,50대,여성,0.07695986671793979
50,50대,환자,0.0023521281620670366
50,50대,어머니,0.021928701622088823
50,50대,증가,0.018072608104424247
50,50대,경찰,0.015998974038881283
50,50대,장애인,0.041931788432637396
50,50대,폭행,0.04193178843263734
50,50대,교사,0.0362432064287796
50,50대,재취업,0.003483349101533755
50,50대,재산,0.033053200955910515
50,50대,건강,0.00034627162906189154
50,50대,환청,0.03305320095591052
50,50대,문제,-0.03072008342901013
50,50대,부모,0.020843998449409065
50,50대,죽음,0.02084399844940897
50,50대,사회,0.018042717989115414
50,50대,고용,0.010406927634426232
50,치매,50대,0.08138110553313016
50,치매,노모,0.5438025374269798
50,치매,남성,0.0021480432889413557
50,치매,여성,-0.0619829043429124
50,치매,환자,-0.0632431976983988
50,치매,어머니,0.18323401038276488
50,치매,증가,-0.049628039859899886
50,치매,경찰,0.06848062426270403
50,치매,장애인,-0.024802061556961075
50,치매,폭행,0.02183928135287153
50,치매,교사,-0.04159427040104465
50,치매,재취업,-0.03980410789869367
50,치매,재산,0.1679538533114818
50,치매,건강,-0.037933282224403495
50,치매,환청,-0.03793328222440349
50,치매,문제,-0.023921473654583303
50,치매,부모,-0.02392147365458329
50,치매,죽음,-0.023921473654583452
50,치매,사회,-0.020706603105985984
50,치매,고용,-0.01194344001878099
50,노모,50대,0.07850548050035766
50,노모,치매,0.5438025374269798
50,노모,남성,-0.03457763465191136
50,노모,여성,-0.053742994372225045
50,노모,환자,-0.047457561846278994
50,노모,어머니,0.0004049034440119182
50,노모,증가,-0.03019797195519788
50,노모,경찰,0.005930963418210147
50,노모,장애인,-0.029282013676191054
50,노모,폭행,0.005930963418210034
50,노모,교사,-0.02530953498493057
50,노모,재취업,-0.024220246002455117
50,노모,재산,0.06574059840300772
50,노모,건강,-0.023081874601836343
50,노모,환청,-0.023081874601836302
50,노모,문제,-0.014555883983880745
50,노모,부모,-0.014555883983880743
50,노모,죽음,-0.014555883983880826
50,노모,사회,-0.012599679972193049
50,노모,고용,-0.007267417124550936
50,남성,50대,0.06322226774950582
50,남성,치매,0.0021480432889413557
50,남성,노모,-0.034577634651911354
50,남성,여성,0.006970606412599022
50,남성,환자,-0.024523331185298106
50,남성,어머니,0.03365396139470683
50,남성,증가,-0.029901879713808276
50,남성,경찰,0.04205628537861678
50,남성,장애인,-0.028994902439891845
50,남성,폭행,0.006530691469362362
50,남성,교사,-0.02506137405037055
50,남성,재취업,-0.023982765586998297
50,남성,재산,0.021949958460104578
50,남성,건강,-0.022855555960423168
50,남성,환청,0.021949958460104498
50,남성,문제,-0.014413162998491732
50,남성,부모,0.056224933017701303
50,남성,죽음,-0.014413162998491713
50,남성,사회,-0.012476139640104031
50,남성,고용,-0.007196159828573842
50,여성,50대,0.07695986671793979
50,여성,치매,-0.06198290434291239
50,여성,노모,-0.05374299437222505
50,여성,남성,0.006970606412599022
50,여성,환자,-0.023850787046505336
50,여성,어머니,-0.03132707234942672
50,여성,증가,0.005190647556763531
50,여성,경찰,0.07883664755186924
50,여성,장애인,0.1505314193736559
50,여성,폭행,-0.02870551018081196
50,여성,교사,-0.024811241542867995
50,여성,재취업,-0.02374339845249611
50,여성,재산,0.022583924971002697
50,여성,건강,-0.022627439277305338
50,여성,환청,-0.022627439277305338
50,여성,문제,-0.014269308132648784
50,여성,부모,-0.0142693081326488
50,여성,죽음,-0.014269308132648869
50,여성,사회,-0.01235161781277488
50,여성,고용,-0.007124336412240245
50,환자,50대,0.0023521281620670366
50,환자,치매,-0.0632431976983988
50,환자,노모,-0.047457561846278994
50,환자,남성,-0.024523331185298106
50,환자,여성,-0.023850787046505336
50,환자,어머니,-0.02766326087431626
50,환자,증가,0.09076287798200673
50,환자,경찰,-0.025348299636964867
50,환자,장애인,-0.02534829963696484
50,환자,폭행,-0.02534829963696487
50,환자,교사,-0.021909479435559022
50,환자,재취업,-0.020966524356568594
50,환자,재산,-0.01998108053838947
50,환자,건강,0.030653901606456087
50,환자,환청,-0.019981080538389494
50,환자,문제,-0.012600462276414794
50,환자,부모,-0.012600462276414781
50,환자,죽음,-0.01260046227641476
50,환자,사회,-0.010907052595385535
50,환자,고용,-0.006291120170117019
50,어머니,50대,0.021928701622088823
50,어머니,치매,0.18323401038276488
50,어머니,노모,0.0004049034440119182
50,어머니,남성,0.03365396139470683
50,어머니,여성,-0.03132707234942672
50,어머니,환자,-0.027663260874316264
50,어머니,증가,-0.01760255570603924
50,어머니,경찰,-0.0170686388372327
50,어머니,장애인,-0.017068638837232714
50,어머니,폭행,0.04126792613607253
50,어머니,교사,-0.014753060242825472
50,어머니,재취업,-0.014118108000918405
50,어머니,재산,-0.013454545360907892
50,어머니,건강,-0.013454545360907903
50,어머니,환청,-0.013454545360907923
50,어머니,문제,-0.00848470086193331
50,어머니,부모,-0.008484700861933283
50,어머니,죽음,-0.008484700861933307
50,어머니,사회,-0.007344419317887948
50,어머니,고용,-0.004236215430748882
50,증가,50대,0.018072608104424244
50,증가,치매,-0.049628039859899886
50,증가,노모,-0.030197971955197883
50,증가,남성,-0.029901879713808283
50,증가,여성,0.005190647556763531
50,증가,환자,0.09076287798200673
50,증가,어머니,-0.01760255570603924
50,증가,경찰,-0.01612951048830665
50,증가,장애인,-0.016129510488306634
50,증가,폭행,-0.016129510488306624
50,증가,교사,-0.013941336634424506
50,증가,재취업,-0.013341319905318191
50,증가,재산,-0.012714266942058348
50,증가,건강,-0.012714266942058367
50,증가,환청,-0.012714266942058372
50,증가,문제,-0.00801786673487812
50,증가,부모,-0.008017866734878133
50,증가,죽음,-0.008017866734878126
50,증가,사회,-0.0069403242723719005
50,증가,고용,-0.004003135919189042
50,경찰,50대,0.015998974038881283
50,경찰,치매,0.06848062426270403
50,경찰,노모,0.005930963418210148
50,경찰,남성,0.04205628537861679
50,경찰,여성,0.07883664755186924
50,경찰,환자,-0.025348299636964867
50,경찰,어머니,-0.017068638837232704
50,경찰,증가,-0.01612951048830665
50,경찰,장애인,-0.015640273704789806
50,경찰,폭행,-0.015640273704789872
50,경찰,교사,-0.01351847106154209
50,경찰,재취업,-0.012936653908598793
50,경찰,재산,-0.01232862057864166
50,경찰,건강,-0.0123286205786417
50,경찰,환청,-0.012328620578641732
50,경찰,문제,-0.007774670555125378
50,경찰,부모,-0.007774670555125385
50,경찰,죽음,-0.007774670555125384
50,경찰,사회,-0.0067298118748604875
50,경찰,고용,-0.0038817136762446867
50,장애인,50대,0.0419317884326374
50,장애인,치매,-0.024802061556961078
50,장애인,노모,-0.029282013676191057
50,장애인,남성,-0.028994902439891845
50,장애인,여성,0.15053141937365588
50,장애인,환자,-0.02534829963696484
50,장애인,어머니,-0.017068638837232714
50,장애인,증가,-0.01612951048830663
50,장애인,경찰,-0.015640273704789806
50,장애인,폭행,-0.015640273704789806
50,장애인,교사,-0.013518471061542112
50,장애인,재취업,0.06343370638136793
50,장애인,재산,-0.012328620578641663
50,장애인,건강,-0.012328620578641722
50,장애인,환청,-0.012328620578641647
50,장애인,문제,-0.007774670555125407
50,장애인,부모,-0.007774670555125371
50,장애인,죽음,-0.0077746705551254075
50,장애인,사회,-0.006729811874860482
50,장애인,고용,-0.0038817136762446364
50,폭행,50대,0.04193178843263734
50,폭행,치매,0.02183928135287153
50,폭행,노모,0.005930963418210035
50,폭행,남성,0.006530691469362362
50,폭행,여성,-0.028705510180811956
50,폭행,환자,-0.02534829963696487
50,폭행,어머니,0.041267926136072525
50,폭행,증가,-0.016129510488306624
50,폭행,경찰,-0.015640273704789872
50,폭행,장애인,-0.015640273704789806
50,폭행,교사,-0.013518471061542055
50,폭행,재취업,-0.012936653908598767
50,폭행,재산,-0.01232862057864167
50,폭행,건강,-0.01232862057864166
50,폭행,환청,-0.01232862057864169
50,폭행,문제,-0.007774670555125414
50,폭행,부모,-0.007774670555125378
50,폭행,죽음,-0.007774670555125428
50,폭행,사회,0.1389425743330568
50,폭행,고용,-0.0038817136762446694
50,교사,50대,0.0362432064287796
50,교사,치매,-0.041594270401044645
50,교사,노모,-0.025309534984930573
50,교사,남성,-0.025061374050370552
50,교사,여성,-0.024811241542867995
50,교사,환자,-0.021909479435559022
50,교사,어머니,-0.014753060242825472
50,교사,증가,-0.013941336634424506
50,교사,경찰,-0.01351847106154209
50,교사,장애인,-0.013518471061542114
50,교사,폭행,-0.013518471061542053
50,교사,재취업,-0.011181631779437458
50,교사,재산,-0.010656085927067828
50,교사,건강,-0.010656085927067835
50,교사,환청,-0.010656085927067842
50,교사,문제,-0.006719937316717035
50,교사,부모,-0.006719937316717054
50,교사,죽음,-0.00671993731671703
50,교사,사회,-0.0058168270451726045
50,교사,고용,-0.0033551096989712804
50,재취업,50대,0.003483349101533755
50,재취업,치매,-0.03980410789869368
50,재취업,노모,-0.024220246002455117
50,재취업,남성,-0.023982765586998297
50,재취업,여성,-0.023743398452496105
50,재취업,환자,-0.020966524356568594
50,재취업,어머니,-0.014118108000918407
50,재취업,증가,-0.013341319905318191
50,재취업,경찰,-0.012936653908598793
50,재취업,장애인,0.06343370638136793
50,재취업,폭행,-0.012936653908598768
50,재취업,교사,-0.011181631779437456
50,재취업,재산,-0.01019746205256443
50,재취업,건강,-0.010197462052564492
50,재취업,환청,-0.010197462052564476
50,재취업,문제,-0.006430720083512889
50,재취업,부모,-0.006430720083512908
50,재취업,죽음,-0.00643072008351288
50,재취업,사회,-0.005566478486139658
50,재취업,고용,-0.0032107102055684137
50,재산,50대,0.033053200955910515
50,재산,치매,0.16795385331148183
50,재산,노모,0.06574059840300772
50,재산,남성,0.02194995846010458
50,재산,여성,0.022583924971002697
50,재산,환자,-0.01998108053838947
50,재산,어머니,-0.013454545360907894
50,재산,증가,-0.012714266942058348
50,재산,경찰,-0.01232862057864166
50,재산,장애인,-0.012328620578641663
50,재산,폭행,-0.01232862057864167
50,재산,교사,-0.010656085927067828
50,재산,재취업,-0.01019746205256443
50,재산,건강,-0.009718172983479089
50,재산,환청,-0.009718172983479122
50,재산,문제,-0.006128470972264657
50,재산,부모,-0.006128470972264638
50,재산,죽음,-0.006128470972264656
50,재산,사회,-0.005304849437857522
50,재산,고용,-0.003059804196053748
50,건강,50대,0.0003462716290618915
50,건강,치매,-0.037933282224403495
50,건강,노모,-0.023081874601836343
50,건강,남성,-0.022855555960423168
50,건강,여성,-0.022627439277305338
50,건강,환자,0.030653901606456087
50,건강,어머니,-0.0134545453609079
50,건강,증가,-0.012714266942058365
50,건강,경찰,-0.0123286205786417
50,건강,장애인,-0.012328620578641722
50,건강,폭행,-0.012328620578641663
50,건강,교사,-0.010656085927067835
50,건강,재취업,-0.010197462052564492
50,건강,재산,-0.009718172983479089
50,건강,환청,-0.00971817298347909
50,건강,문제,-0.006128470972264648
50,건강,부모,-0.006128470972264629
50,건강,죽음,-0.006128470972264604
50,건강,사회,-0.005304849437857518
50,건강,고용,-0.003059804196053754
50,환청,50대,0.03305320095591052
50,환청,치매,-0.03793328222440348
50,환청,노모,-0.023081874601836302
50,환청,남성,0.0219499584601045
50,환청,여성,-0.022627439277305338
50,환청,환자,-0.019981080538389494
50,환청,어머니,-0.013454545360907925
50,환청,증가,-0.012714266942058372
50,환청,경찰,-0.01232862057864173
50,환청,장애인,-0.012328620578641647
50,환청,폭행,-0.01232862057864169
50,환청,교사,-0.010656085927067842
50,환청,재취업,-0.010197462052564476
50,환청,재산,-0.00971817298347912
50,환청,건강,-0.009718172983479092
50,환청,문제,-0.006128470972264656
50,환청,부모,-0.0061284709722646494
50,환청,죽음,-0.006128470972264672
50,환청,사회,-0.005304849437857527
50,환청,고용,-0.003059804196053733
50,문제,50대,-0.03072008342901013
50,문제,치매,-0.023921473654583303
50,문제,노모,-0.014555883983880745
50,문제,남성,-0.014413162998491732
50,문제,여성,-0.014269308132648784
50,문제,환자,-0.012600462276414794
50,문제,어머니,-0.00848470086193331
50,문제,증가,-0.00801786673487812
50,문제,경찰,-0.007774670555125378
50,문제,장애인,-0.007774670555125406
50,문제,폭행,-0.007774670555125414
50,문제,교사,-0.006719937316717035
50,문제,재취업,-0.006430720083512889
50,문제,재산,-0.006128470972264657
50,문제,건강,-0.006128470972264648
50,문제,환청,-0.006128470972264656
50,문제,부모,-0.0038647342995169224
50,문제,죽음,0.2471014492753623
50,문제,사회,-0.0033453423650116323
50,문제,고용,-0.0019295726911022272
50,부모,50대,0.020843998449409068
50,부모,치매,-0.023921473654583292
50,부모,노모,-0.014555883983880743
50,부모,남성,0.0562249330177013
50,부모,여성,-0.014269308132648801
50,부모,환자,-0.012600462276414783
50,부모,어머니,-0.008484700861933285
50,부모,증가,-0.00801786673487813
50,부모,경찰,-0.007774670555125385
50,부모,장애인,-0.00777467055512537
50,부모,폭행,-0.007774670555125378
50,부모,교사,-0.006719937316717055
50,부모,재취업,-0.006430720083512909
50,부모,재산,-0.006128470972264638
50,부모,건강,-0.006128470972264628
50,부모,환청,-0.00612847097226465
50,부모,문제,-0.0038647342995169224
50,부모,죽음,-0.0038647342995169246
50,부모,사회,-0.0033453423650116366
50,부모,고용,-0.0019295726911022478
50,죽음,50대,0.02084399844940897
50,죽음,치매,-0.023921473654583456
50,죽음,노모,-0.014555883983880826
50,죽음,남성,-0.014413162998491715
50,죽음,여성,-0.014269308132648869
50,죽음,환자,-0.01260046227641476
50,죽음,어머니,-0.008484700861933307
50,죽음,증가,-0.008017866734878127
50,죽음,경찰,-0.007774670555125384
50,죽음,장애인,-0.0077746705551254075
50,죽음,폭행,-0.007774670555125428
50,죽음,교사,-0.00671993731671703
50,죽음,재취업,-0.006430720083512881
50,죽음,재산,-0.0061284709722646555
50,죽음,건강,-0.006128470972264604
50,죽음,환청,-0.006128470972264672
50,죽음,문제,0.2471014492753623
50,죽음,부모,-0.0038647342995169246
50,죽음,사회,-0.003345342365011629
50,죽음,고용,-0.0019295726911022345
50,사회,50대,0.018042717989115418
50,사회,치매,-0.020706603105985984
50,사회,노모,-0.012599679972193049
50,사회,남성,-0.012476139640104031
50,사회,여성,-0.01235161781277488
50,사회,환자,-0.010907052595385535
50,사회,어머니,-0.007344419317887949
50,사회,증가,-0.0069403242723719005
50,사회,경찰,-0.0067298118748604875
50,사회,장애인,-0.006729811874860483
50,사회,폭행,0.1389425743330568
50,사회,교사,-0.005816827045172605
50,사회,재취업,-0.005566478486139658
50,사회,재산,-0.005304849437857523
50,사회,건강,-0.005304849437857518
50,사회,환청,-0.005304849437857527
50,사회,문제,-0.0033453423650116323
50,사회,부모,-0.0033453423650116366
50,사회,죽음,-0.003345342365011629
50,사회,고용,-0.0016702522785901875
50,고용,50대,0.01040692763442623
50,고용,치매,-0.011943440018780989
50,고용,노모,-0.007267417124550936
50,고용,남성,-0.007196159828573842
50,고용,여성,-0.007124336412240245
50,고용,환자,-0.006291120170117019
50,고용,어머니,-0.004236215430748882
50,고용,증가,-0.004003135919189043
50,고용,경찰,-0.0038817136762446867
50,고용,장애인,-0.003881713676244637
50,고용,폭행,-0.0038817136762446694
50,고용,교사,-0.0033551096989712804
50,고용,재취업,-0.0032107102055684137
50,고용,재산,-0.0030598041960537485
50,고용,건강,-0.0030598041960537537
50,고용,환청,-0.003059804196053733
50,고용,문제,-0.0019295726911022274
50,고용,부모,-0.0019295726911022478
50,고용,죽음,-0.0019295726911022347
50,고용,사회,-0.0016702522785901875
60,60대,치매,0.055249619216907714
60,60대,여성,0.0743801613449511
60,60대,환자,0.018067056191313206
60,60대,남성,0.03479330808182251
60,60대,일자리,-0.036088344362783575
60,60대,노모,0.04164924759161975
60,60대,노후,0.006524201272381568
60,60대,20대,-0.035500992595200107
60,60대,은퇴,0.023898408167755972
60,60대,의심,0.015086972490694813
60,60대,신고,0.010661593631958398
60,치매,60대,0.055249619216907714
60,치매,여성,0.028262934256144852
60,치매,환자,0.01734015965120118
60,치매,남성,0.02706276463322064
60,치매,일자리,-0.06243785878621222
60,치매,노모,0.29472681785520705
60,치매,노후,-0.04297727184900706
60,치매,20대,-0.03974000845957554
60,치매,은퇴,0.027546347336316432
60,치매,의심,0.15144727168500927
60,치매,신고,-0.011394746473245173
60,여성,60대,0.0743801613449511
60,여성,치매,0.028262934256144852
60,여성,환자,0.03103715911881569
60,여성,남성,-0.04661916308659725
60,여성,일자리,-0.04661916308659732
60,여성,노모,-0.03323580277965896
60,여성,노후,-0.032088935852302644
60,여성,20대,0.014459644946418009
60,여성,은퇴,-0.01907075941441852
60,여성,의심,0.09539833885326449
60,여성,신고,-0.008507875742272429
60,환자,60대,0.018067056191313206
60,환자,치매,0.01734015965120118
60,환자,여성,0.031037159118815688
60,환자,남성,0.028029083868578008
60,환자,일자리,-0.039158880674786976
60,환자,노모,-0.027917207195716123
60,환자,노후,-0.02695386889908497
60,환자,20대,-0.024923568481294355
60,환자,은퇴,-0.016018940342184776
60,환자,의심,-0.01011269497851729
60,환자,신고,-0.007146393648652672
60,남성,60대,0.03479330808182251
60,남성,치매,0.02706276463322064
60,남성,여성,-0.046619163086597255
60,남성,환자,0.028029083868578004
60,남성,일자리,-0.036616161616161616
60,남성,노모,-0.02610444815927504
60,남성,노후,0.02576236457084032
60,남성,20대,-0.023305196569373347
60,남성,은퇴,-0.014978776164732121
60,남성,의심,-0.009456043363025711
60,남성,신고,-0.006682354048497051
60,일자리,60대,-0.036088344362783575
60,일자리,치매,-0.06243785878621221
60,일자리,여성,-0.04661916308659731
60,일자리,환자,-0.039158880674786976
60,일자리,남성,-0.036616161616161616
60,일자리,노모,-0.02610444815927506
60,일자리,노후,-0.02520366268858115
60,일자리,20대,-0.023305196569373392
60,일자리,은퇴,-0.014978776164732109
60,일자리,의심,-0.00945604336302572
60,일자리,신고,-0.006682354048497047
60,노모,60대,0.04164924759161975
60,노모,치매,0.29472681785520705
60,노모,여성,-0.03323580277965896
60,노모,환자,-0.027917207195716127
60,노모,남성,-0.02610444815927504
60,노모,일자리,-0.02610444815927506
60,노모,노후,-0.017968232524610852
60,노모,20대,-0.016614775247725592
60,노모,은퇴,-0.010678691283388097
60,노모,의심,-0.006741416436533563
60,노모,신고,-0.0047639937432414885
60,노후,60대,0.006524201272381567
60,노후,치매,-0.04297727184900706
60,노후,여성,-0.032088935852302644
60,노후,환자,-0.02695386889908497
60,노후,남성,0.02576236457084032
60,노후,일자리,-0.025203662688581152
60,노후,노모,-0.017968232524610852
60,노후,20대,-0.016041449657746478
60,노후,은퇴,-0.010310201978599486
60,노후,의심,-0.006508790565997087
60,노후,신고,-0.0045996027428953125
60,20대,60대,-0.035500992595200107
60,20대,치매,-0.03974000845957553
60,20대,여성,0.014459644946418007
60,20대,환자,-0.02492356848129435
60,20대,남성,-0.023305196569373347
60,20대,일자리,-0.023305196569373392
60,20대,노모,-0.016614775247725592
60,20대,노후,-0.016041449657746478
60,20대,은퇴,-0.00953358592162346
60,20대,의심,-0.006018515857941901
60,20대,신고,-0.004253137624825022
60,은퇴,60대,0.023898408167755972
60,은퇴,치매,0.02754634733631643
60,은퇴,여성,-0.019070759414418523
60,은퇴,환자,-0.016018940342184776
60,은퇴,남성,-0.01497877616473212
60,은퇴,일자리,-0.014978776164732109
60,은퇴,노모,-0.010678691283388097
60,은퇴,노후,-0.010310201978599486
60,은퇴,20대,-0.00953358592162346
60,은퇴,의심,-0.003868236065362081
60,은퇴,신고,-0.0027335876052543184
60,의심,60대,0.015086972490694812
60,의심,치매,0.15144727168500927
60,의심,여성,0.09539833885326449
60,의심,환자,-0.010112694978517288
60,의심,남성,-0.009456043363025711
60,의심,일자리,-0.00945604336302572
60,의심,노모,-0.006741416436533563
60,의심,노후,-0.006508790565997087
60,의심,20대,-0.006018515857941902
60,의심,은퇴,-0.0038682360653620805
60,의심,신고,-0.001725703264915365
60,신고,60대,0.010661593631958398
60,신고,치매,-0.011394746473245173
60,신고,여성,-0.008507875742272427
60,신고,환자,-0.0071463936486526715
60,신고,남성,-0.00668235404849705
60,신고,일자리,-0.006682354048497046
60,신고,노모,-0.0047639937432414885
60,신고,노후,-0.0045996027428953125
60,신고,20대,-0.004253137624825022
60,신고,은퇴,-0.0027335876052543184
60,신고,의심,-0.001725703264915365
70,70대,노인,0.09544928599013526
70,70대,여성,0.02436509940403357
70,70대,노모,0.031728522264469525
70,70대,남성,0.03098262748934478
70,70대,경찰,0.029439220964479658
70,70대,안락사,0.026972592491430362
70,70대,뺑소니,-0.0208200248357233
70,70대,화재,0.02427446841833226
70,70대,자살,0.020155324197566424
70,70대,사고,0.016431019497519357
70,70대,증세,-0.06751216279594931
70,70대,신고,0.011600373862873364
70,70대,도로,0.006690534979922982
70,노인,70대,0.09544928599013527
70,노인,여성,-0.08923813813963845
70,노인,노모,-0.0877733458775107
70,노인,남성,-0.03642671297021614
70,노인,경찰,-0.012430354614739441
70,노인,안락사,-0.037075126813986344
70,노인,뺑소니,0.119970620949043
70,노인,화재,0.05759622921773211
70,노인,자살,0.043986401656646086
70,노인,사고,0.0765151515151515
70,노인,증세,0.0002317180086040027
70,노인,신고,-0.03209111407355498
70,노인,도로,-0.0185086035839741
70,여성,70대,0.02436509940403357
70,여성,노인,-0.08923813813963845
70,여성,노모,-0.03528894829703745
70,여성,남성,0.030239840130483198
70,여성,경찰,0.0012309305389804398
70,여성,안락사,0.2657083547904163
70,여성,뺑소니,-0.02699843547116152
70,여성,화재,-0.02699843547116154
70,여성,자살,-0.022417060195533883
70,여성,사고,-0.01827483148072383
70,여성,증세,-0.014905818605172249
70,여성,신고,-0.012902113437903862
70,여성,도로,-0.007441315451694251
70,노모,70대,0.03172852226446953
70,노모,노인,-0.0877733458775107
70,노모,여성,-0.03528894829703745
70,노모,남성,-0.02275721362838738
70,노모,경찰,0.02834858791679836
70,노모,안락사,-0.019811781607289913
70,노모,뺑소니,-0.017829968220142364
70,노모,화재,-0.017829968220142312
70,노모,자살,0.05742310324958832
70,노모,사고,-0.012068835058157725
70,노모,증세,-0.009843913818980744
70,노모,신고,-0.00852065197689764
70,노모,도로,-0.0049143002438598255
70,남성,70대,0.03098262748934478
70,남성,노인,-0.03642671297021614
70,남성,여성,0.030239840130483194
70,남성,노모,-0.02275721362838738
70,남성,경찰,-0.02111521724704449
70,남성,안락사,-0.01934603333626701
70,남성,뺑소니,-0.01741080970953823
70,남성,화재,-0.017410809709538216
70,남성,자살,-0.014456362470655196
70,남성,사고,0.07856742013183869
70,남성,증세,-0.00961249667880787
70,남성,신고,-0.00832034293832197
70,남성,도로,0.21594472522460806
70,경찰,70대,0.029439220964479658
70,경찰,노인,-0.012430354614739441
70,경찰,여성,0.0012309305389804398
70,경찰,노모,0.02834858791679836
70,경찰,남성,-0.021115217247044495
70,경찰,안락사,0.04002989081116765
70,경찰,뺑소니,0.04815695007410103
70,경찰,화재,-0.016543486325873373
70,경찰,자살,0.06386135293817763
70,경찰,사고,-0.011198034976209258
70,경찰,증세,-0.009133648004678505
70,경찰,신고,-0.00790586319206618
70,경찰,도로,-0.004559719786470938
70,안락사,70대,0.026972592491430362
70,안락사,노인,-0.037075126813986344
70,안락사,여성,0.2657083547904163
70,안락사,노모,-0.019811781607289913
70,안락사,남성,-0.01934603333626701
70,안락사,경찰,0.04002989081116765
70,안락사,뺑소니,-0.015157354727345713
70,안락사,화재,-0.015157354727345711
70,안락사,자살,-0.012585297162530438
70,안락사,사고,-0.010259783520851584
70,안락사,증세,-0.008368365653683778
70,안락사,신고,-0.007243453433427751
70,안락사,도로,-0.004177673852986303
70,뺑소니,70대,-0.0208200248357233
70,뺑소니,노인,0.119970620949043
70,뺑소니,여성,-0.02699843547116152
70,뺑소니,노모,-0.017829968220142368
70,뺑소니,남성,-0.017410809709538233
70,뺑소니,경찰,0.04815695007410103
70,뺑소니,안락사,-0.015157354727345711
70,뺑소니,화재,-0.013641133263378858
70,뺑소니,자살,-0.011326363923090933
70,뺑소니,사고,0.1051195752987311
70,뺑소니,증세,-0.007531260772873152
70,뺑소니,신고,-0.006518875842775099
70,뺑소니,도로,-0.003759772518664184
70,화재,70대,0.024274468418332258
70,화재,노인,0.05759622921773211
70,화재,여성,-0.02699843547116154
70,화재,노모,-0.017829968220142312
70,화재,남성,-0.017410809709538216
70,화재,경찰,-0.016543486325873373
70,화재,안락사,-0.015157354727345711
70,화재,뺑소니,-0.013641133263378858
70,화재,자살,-0.01132636392309093
70,화재,사고,-0.00923347620867233
70,화재,증세,-0.0075312607728731445
70,화재,신고,-0.006518875842775099
70,화재,도로,-0.0037597725186641847
70,자살,70대,0.020155324197566427
70,자살,노인,0.043986401656646086
70,자살,여성,-0.02241706019553388
70,자살,노모,0.057423103249588325
70,자살,남성,-0.014456362470655196
70,자살,경찰,0.06386135293817763
70,자살,안락사,-0.012585297162530438
70,자살,뺑소니,-0.011326363923090933
70,자살,화재,-0.011326363923090933
70,자살,사고,-0.007666643950718277
70,자살,증세,-0.006253278130656719
70,자살,신고,-0.005412685202844223
70,자살,도로,-0.003121775221472979
70,사고,70대,0.016431019497519357
70,사고,노인,0.07651515151515148
70,사고,여성,-0.01827483148072383
70,사고,노모,-0.012068835058157725
70,사고,남성,0.0785674201318387
70,사고,경찰,-0.011198034976209258
70,사고,안락사,-0.010259783520851582
70,사고,뺑소니,0.10511957529873112
70,사고,화재,-0.00923347620867233
70,사고,자살,-0.007666643950718277
70,사고,증세,-0.005097796189288673
70,사고,신고,-0.004412528185113808
70,사고,도로,-0.0025449329927964377
70,증세,70대,-0.06751216279594931
70,증세,노인,0.0002317180086040027
70,증세,여성,-0.014905818605172249
70,증세,노모,-0.009843913818980744
70,증세,남성,-0.00961249667880787
70,증세,경찰,-0.009133648004678507
70,증세,안락사,-0.008368365653683778
70,증세,뺑소니,-0.007531260772873153
70,증세,화재,-0.0075312607728731445
70,증세,자살,-0.006253278130656719
70,증세,사고,-0.005097796189288674
70,증세,신고,-0.00359906709875231
70,증세,도로,-0.0020757679540276235
70,신고,70대,0.011600373862873364
70,신고,노인,-0.03209111407355498
70,신고,여성,-0.012902113437903862
70,신고,노모,-0.00852065197689764
70,신고,남성,-0.008320342938321972
70,신고,경찰,-0.00790586319206618
70,신고,안락사,-0.007243453433427751
70,신고,뺑소니,-0.006518875842775099
70,신고,화재,-0.006518875842775099
70,신고,자살,-0.005412685202844222
70,신고,사고,-0.004412528185113808
70,신고,증세,-0.0035990670987523098
70,신고,도로,-0.0017967341695904484
70,도로,70대,0.006690534979922982
70,도로,노인,-0.0185086035839741
70,도로,여성,-0.007441315451694251
70,도로,노모,-0.0049143002438598255
70,도로,남성,0.21594472522460806
70,도로,경찰,-0.004559719786470938
70,도로,안락사,-0.004177673852986302
70,도로,뺑소니,-0.003759772518664184
70,도로,화재,-0.0037597725186641847
70,도로,자살,-0.003121775221472979
70,도로,사고,-0.0025449329927964377
70,도로,증세,-0.0020757679540276235
70,도로,신고,-0.0017967341695904484
80,80대,코로나19,0.035963636261934225
80,80대,환자,0.03539314881494283
80,80대,살해,0.03363240068636176
80,80대,아들,0.031152015335501212
80,80대,접종,-0.00997982023715707
80,80대,폭행,0.030504356196593283
80,80대,화재,0.026323254834280427
80,80대,혐의,0.022304338749646633
80,80대,신고,-0.04701048659414863
80,80대,부검,0.013767697847212155
80,80대,버스,0.012307008334300198
80,80대,낙상,0.00869222051051612
80,코로나19,80대,0.035963636261934225
80,코로나19,환자,0.05667415906245039
80,코로나19,살해,-0.037316654553394626
80,코로나19,아들,-0.03456455593990214
80,코로나19,접종,-0.03384594912439827
80,코로나19,폭행,-0.033845949124398235
80,코로나19,화재,-0.02920682994152579
80,코로나19,혐의,-0.024747662586571625
80,코로나19,신고,-0.02054284975468807
80,코로나19,부검,-0.015275877251553664
80,코로나19,버스,-0.013655176830212465
80,코로나19,낙상,-0.009644407876729188
80,환자,80대,0.03539314881494282
80,환자,코로나19,0.05667415906245038
80,환자,살해,0.03134263558089837
80,환자,아들,-0.03401626195953451
80,환자,접종,0.003990147133246542
80,환자,폭행,-0.033309054329713234
80,환자,화재,0.014172154695003849
80,환자,혐의,0.02599437807522961
80,환자,신고,0.040153169904266435
80,환자,부검,-0.015033557588705346
80,환자,버스,-0.013438566170730052
80,환자,낙상,-0.009491419630844822
80,살해,80대,0.03363240068636176
80,살해,코로나19,-0.037316654553394626
80,살해,환자,0.031342635580898365
80,살해,아들,0.044361919338052454
80,살해,접종,-0.03165198630837095
80,살해,폭행,0.007458226658869048
80,살해,화재,-0.027313584205374972
80,살해,혐의,-0.023143469089176336
80,살해,신고,-0.01921122072187915
80,살해,부검,-0.014285664019567629
80,살해,버스,-0.01277002067454809
80,살해,낙상,-0.009019237869341428
80,아들,80대,0.03115201533550121
80,아들,코로나19,-0.03456455593990214
80,아들,환자,-0.03401626195953451
80,아들,살해,0.04436191933805245
80,아들,접종,-0.02931765627058806
80,아들,폭행,0.012704317717254802
80,아들,화재,0.023050392044857804
80,아들,혐의,-0.02143664113383023
80,아들,신고,0.11823387293744392
80,아들,부검,-0.01323209808200967
80,아들,버스,-0.01182823324442332
80,아들,낙상,-0.008354070202731496
80,접종,80대,-0.00997982023715707
80,접종,코로나19,-0.03384594912439827
80,접종,환자,0.003990147133246542
80,접종,살해,-0.031651986308370954
80,접종,아들,-0.02931765627058806
80,접종,폭행,-0.02870813397129181
80,접종,화재,-0.024773233090799422
80,접종,혐의,-0.020990967350343327
80,접종,신고,-0.017424445115784337
80,접종,부검,-0.01295699905045609
80,접종,버스,-0.011582320956714782
80,접종,낙상,-0.008180386739379038
80,폭행,80대,0.030504356196593283
80,폭행,코로나19,-0.03384594912439824
80,폭행,환자,-0.033309054329713234
80,폭행,살해,0.007458226658869047
80,폭행,아들,0.0127043177172548
80,폭행,접종,-0.028708133971291808
80,폭행,화재,-0.02477323309079948
80,폭행,혐의,-0.020990967350343292
80,폭행,신고,-0.01742444511578431
80,폭행,부검,-0.012956999050456067
80,폭행,버스,-0.011582320956714761
80,폭행,낙상,-0.008180386739379097
80,화재,80대,0.026323254834280427
80,화재,코로나19,-0.02920682994152579
80,화재,환자,0.014172154695003849
80,화재,살해,-0.027313584205374976
80,화재,아들,0.023050392044857804
80,화재,접종,-0.024773233090799426
80,화재,폭행,-0.024773233090799478
80,화재,혐의,-0.018113825422837678
80,화재,신고,-0.015036151104869082
80,화재,부검,-0.011181038724258553
80,화재,버스,-0.009994781864961323
80,화재,낙상,-0.007059136190118712
80,혐의,80대,0.02230433874964663
80,혐의,코로나19,-0.024747662586571625
80,혐의,환자,0.02599437807522961
80,혐의,살해,-0.02314346908917634
80,혐의,아들,-0.021436641133830234
80,혐의,접종,-0.020990967350343327
80,혐의,폭행,-0.020990967350343292
80,혐의,화재,-0.018113825422837678
80,혐의,신고,-0.012740499221894186
80,혐의,부검,-0.009473968050258264
80,혐의,버스,-0.008468823549685303
80,혐의,낙상,-0.005981379045088786
80,신고,80대,-0.04701048659414863
80,신고,코로나19,-0.02054284975468807
80,신고,환자,0.04015316990426643
80,신고,살해,-0.019211220721879148
80,신고,아들,0.1182338729374439
80,신고,접종,-0.017424445115784337
80,신고,폭행,-0.01742444511578431
80,신고,화재,-0.015036151104869083
80,신고,혐의,-0.012740499221894186
80,신고,부검,-0.007864270072227949
80,신고,버스,-0.007029907134524705
80,신고,낙상,-0.004965098041855959
80,부검,80대,0.013767697847212155
80,부검,코로나19,-0.015275877251553665
80,부검,환자,-0.015033557588705346
80,부검,살해,-0.014285664019567627
80,부검,아들,-0.01323209808200967
80,부검,접종,-0.012956999050456091
80,부검,폭행,-0.012956999050456067
80,부검,화재,-0.011181038724258553
80,부검,혐의,-0.009473968050258264
80,부검,신고,-0.00786427007222795
80,부검,버스,-0.005227512237065058
80,부검,낙상,-0.003692098668638366
80,버스,80대,0.012307008334300198
80,버스,코로나19,-0.013655176830212466
80,버스,환자,-0.013438566170730052
80,버스,살해,-0.012770020674548088
80,버스,아들,-0.01182823324442332
80,버스,접종,-0.011582320956714782
80,버스,폭행,-0.011582320956714761
80,버스,화재,-0.009994781864961323
80,버스,혐의,-0.008468823549685303
80,버스,신고,-0.007029907134524704
80,버스,부검,-0.005227512237065058
80,버스,낙상,-0.0033003839559996805
80,낙상,80대,0.008692220510516118
80,낙상,코로나19,-0.009644407876729188
80,낙상,환자,-0.009491419630844822
80,낙상,살해,-0.00901923786934143
80,낙상,아들,-0.008354070202731495
80,낙상,접종,-0.008180386739379038
80,낙상,폭행,-0.008180386739379097
80,낙상,화재,-0.007059136190118713
80,낙상,혐의,-0.005981379045088787
80,낙상,신고,-0.004965098041855958
80,낙상,부검,-0.003692098668638366
80,낙상,버스,-0.0033003839559996805
