,제목
300000,2
300001,1
300002,1
300003,1
300004,1
300005,2
300006,1
300007,1
300008,1
300009,2
300010,2
300011,1
300012,1
300013,1
300014,1
300015,2
300016,1
300017,1
300018,1
300019,1
300020,1
300021,1
300022,1
300023,2
300024,1
300025,1
300026,2
300027,1
300028,1
300029,2
300030,1
300031,1
300032,1
300033,2
300034,2
300035,2
300036,1
300037,1
300038,1
300039,1
300040,1
300041,1
300042,1
300043,1
300044,1
300045,1
300046,1
300047,2
300048,1
300049,1
300050,2
300051,1
300052,1
300053,2
300054,1
300055,2
300056,2
300057,1
300058,1
300059,2
300060,2
300061,1
300062,1
300063,1
300064,1
300065,2
300066,1
300067,1
300068,1
300069,1
300070,2
300071,2
300072,1
300073,2
300074,2
300075,1
300076,1
300077,1
300078,1
300079,1
300080,1
300081,2
300082,2
300083,2
300084,1
300085,1
300086,2
300087,2
300088,1
300089,1
300090,1
300091,1
300092,2
300093,1
300094,1
300095,1
300096,1
300097,2
300098,1
300099,1
300100,2
300101,2
300102,1
300103,1
300104,1
300105,1
300106,1
300107,1
300108,1
300109,1
300110,2
300111,1
300112,2
300113,2
300114,1
300115,1
300116,2
300117,1
300118,1
300119,1
300120,2
300121,1
300122,1
300123,2
300124,1
300125,2
300126,2
300127,1
300128,1
300129,1
300130,2
300131,2
300132,2
300133,2
300134,1
300135,1
300136,1
300137,2
300138,1
300139,2
300140,1
300141,1
300142,2
300143,2
300144,2
300145,1
300146,2
300147,1
300148,1
300149,1
300150,2
300151,1
300152,1
300153,2
300154,2
300155,1
300156,2
300157,1
300158,1
300159,1
300160,1
300161,2
300162,1
300163,1
300164,1
300165,1
300166,1
300167,2
300168,1
300169,1
300170,1
300171,1
300172,1
300173,1
300174,2
300175,2
300176,1
300177,1
300178,1
300179,1
300180,1
300181,1
300182,1
300183,2
300184,1
300185,1
300186,1
300187,2
300188,1
300189,2
300190,2
300191,1
300192,2
300193,1
300194,1
300195,2
300196,1
300197,2
300198,1
300199,1
300200,2
300201,1
300202,2
300203,2
300204,1
300205,1
300206,1
300207,2
300208,2
300209,1
300210,1
300211,1
300212,2
300213,2
300214,2
300215,2
300216,1
300217,1
300218,1
300219,1
300220,2
300221,1
300222,2
300223,1
300224,2
300225,1
300226,1
300227,1
300228,1
300229,2
300230,1
300231,1
300232,2
300233,1
300234,2
300235,2
300236,2
300237,1
300238,2
300239,1
300240,1
300241,2
300242,2
300243,2
300244,2
300245,1
300246,1
300247,1
300248,1
300249,1
300250,1
300251,1
300252,2
300253,2
300254,1
300255,2
300256,1
300257,1
300258,1
300259,2
300260,2
300261,1
300262,1
300263,2
300264,2
300265,1
300266,1
300267,2
300268,1
300269,1
300270,1
300271,2
300272,2
300273,2
300274,1
300275,1
300276,2
300277,2
300278,2
300279,2
300280,2
300281,2
300282,2
300283,1
300284,2
300285,2
300286,2
300287,1
300288,1
300289,2
300290,1
300291,1
300292,2
300293,2
300294,1
300295,2
300296,2
300297,2
300298,2
300299,1
300300,2
300301,2
300302,1
300303,2
300304,1
300305,1
300306,1
300307,1
300308,2
300309,2
300310,2
300311,1
300312,2
300313,1
300314,2
300315,1
300316,1
300317,1
300318,2
300319,1
300320,1
300321,2
300322,2
300323,2
300324,2
300325,1
300326,2
300327,1
300328,1
300329,1
300330,1
300331,2
300332,1
300333,1
300334,1
300335,2
300336,1
300337,2
300338,1
300339,1
300340,2
300341,1
300342,2
300343,1
300344,1
300345,2
300346,1
300347,1
300348,2
300349,2
300350,1
300351,2
300352,2
300353,1
300354,2
300355,2
300356,2
300357,1
300358,1
300359,1
300360,1
300361,1
300362,1
300363,2
300364,1
300365,2
300366,1
300367,1
300368,1
300369,1
300370,1
300371,1
300372,1
300373,1
300374,2
300375,1
300376,1
300377,1
300378,1
300379,1
300380,1
300381,1
300382,1
300383,1
300384,1
300385,2
300386,1
300387,1
300388,2
300389,1
300390,1
300391,2
300392,2
300393,1
300394,1
300395,2
300396,1
300397,1
300398,2
300399,1
300400,1
300401,2
300402,2
300403,1
300404,1
300405,1
300406,1
300407,2
300408,1
300409,2
300410,1
300411,2
300412,1
300413,2
300414,1
300415,1
300416,1
300417,2
300418,1
300419,2
300420,1
300421,1
300422,1
300423,1
300424,2
300425,2
300426,1
300427,1
300428,1
300429,1
300430,1
300431,1
300432,1
300433,1
300434,2
300435,1
300436,1
300437,1
300438,1
300439,1
300440,2
300441,2
300442,1
300443,1
300444,1
300445,2
300446,1
300447,2
300448,2
300449,2
300450,2
300451,2
300452,1
300453,1
300454,1
300455,1
300456,1
300457,2
300458,1
300459,1
300460,2
300461,2
300462,1
300463,2
300464,1
300465,2
300466,1
300467,2
300468,1
300469,1
300470,2
300471,1
300472,2
300473,1
300474,2
300475,1
300476,1
300477,2
300478,1
300479,1
300480,1
300481,2
300482,1
300483,1
300484,1
300485,2
300486,1
300487,2
300488,1
300489,2
300490,1
300491,2
300492,2
300493,1
300494,1
300495,1
300496,2
300497,1
300498,2
300499,1
300500,2
300501,1
300502,1
300503,1
300504,1
300505,1
300506,1
300507,2
300508,1
300509,1
300510,1
300511,2
300512,1
300513,1
300514,2
300515,1
300516,2
300517,2
300518,1
300519,1
300520,1
300521,1
300522,1
300523,2
300524,2
300525,2
300526,1
300527,1
300528,1
300529,2
300530,2
300531,2
300532,1
300533,1
300534,2
300535,1
300536,2
300537,2
300538,1
300539,1
300540,1
300541,1
300542,1
300543,1
300544,1
300545,2
300546,1
300547,1
300548,1
300549,1
300550,1
300551,1
300552,1
300553,1
300554,1
300555,1
300556,1
300557,1
300558,2
300559,1
300560,1
300561,2
300562,1
300563,2
300564,1
300565,1
300566,1
300567,2
300568,2
300569,2
300570,1
300571,2
300572,2
300573,1
300574,1
300575,2
300576,1
300577,1
300578,1
300579,1
300580,1
300581,1
300582,1
300583,1
300584,2
300585,2
300586,1
300587,1
300588,1
300589,2
300590,1
300591,1
300592,2
300593,1
300594,1
300595,1
300596,1
300597,1
300598,1
300599,1
300600,1
300601,2
300602,1
300603,1
300604,1
300605,1
300606,2
300607,2
300608,1
300609,1
300610,1
300611,1
300612,2
300613,1
300614,1
300615,1
300616,1
300617,2
300618,2
300619,1
300620,2
300621,1
300622,2
300623,1
300624,1
300625,1
300626,1
300627,1
300628,2
300629,1
300630,1
300631,2
300632,1
300633,1
300634,1
300635,1
300636,1
300637,2
300638,1
300639,1
300640,2
300641,2
300642,1
300643,1
300644,1
300645,1
300646,1
300647,2
300648,2
300649,2
300650,2
300651,1
300652,2
300653,1
300654,1
300655,1
300656,2
300657,1
300658,2
300659,1
300660,1
300661,2
300662,1
300663,2
300664,1
300665,1
300666,1
300667,1
300668,2
300669,2
300670,2
300671,1
300672,1
300673,2
300674,1
300675,1
300676,2
300677,2
300678,1
300679,1
300680,1
300681,1
300682,1
300683,2
300684,1
300685,1
300686,1
300687,1
300688,1
300689,2
300690,1
300691,2
300692,2
300693,1
300694,1
300695,1
300696,1
300697,1
300698,1
300699,1
300700,1
300701,1
300702,1
300703,1
300704,1
300705,2
300706,2
300707,1
300708,1
300709,1
300710,1
300711,2
300712,1
300713,1
300714,1
300715,1
300716,1
300717,1
300718,1
300719,1
300720,1
300721,1
300722,1
300723,1
300724,2
300725,2
300726,2
300727,1
300728,2
300729,1
300730,1
300731,2
300732,1
300733,1
300734,1
300735,2
300736,2
300737,1
300738,1
300739,1
300740,1
300741,1
300742,2
300743,1
300744,2
300745,1
300746,2
300747,2
300748,1
300749,1
300750,1
300751,1
300752,1
300753,2
300754,2
300755,1
300756,1
300757,2
300758,1
300759,2
300760,2
300761,2
300762,1
300763,2
300764,1
300765,1
300766,2
300767,1
300768,1
300769,1
300770,1
300771,1
300772,2
300773,2
300774,1
300775,1
300776,1
300777,2
300778,1
300779,1
300780,1
300781,2
300782,2
300783,1
300784,2
300785,2
300786,1
300787,1
300788,2
300789,2
300790,1
300791,2
300792,1
300793,1
300794,2
300795,1
300796,1
300797,2
300798,1
300799,1
300800,1
300801,2
300802,2
300803,1
300804,1
300805,1
300806,1
300807,2
300808,1
300809,1
300810,1
300811,1
300812,2
300813,1
300814,1
300815,1
300816,1
300817,1
300818,2
300819,1
300820,1
300821,1
300822,2
300823,1
300824,2
300825,2
300826,1
300827,2
300828,1
300829,1
300830,1
300831,1
300832,1
300833,1
300834,2
300835,1
300836,1
300837,1
300838,1
300839,1
300840,1
300841,1
300842,1
300843,1
300844,1
300845,1
300846,2
300847,1
300848,1
300849,1
300850,1
300851,1
300852,1
300853,1
300854,2
300855,1
300856,2
300857,1
300858,1
300859,1
300860,1
300861,1
300862,1
300863,1
300864,1
300865,1
300866,1
300867,1
300868,1
300869,1
300870,1
300871,1
300872,1
300873,1
300874,1
300875,1
300876,1
300877,1
300878,1
300879,1
300880,1
300881,2
300882,1
300883,1
300884,2
300885,1
300886,1
300887,1
300888,2
300889,1
300890,1
300891,2
300892,1
300893,2
300894,2
300895,1
300896,1
300897,1
300898,1
300899,1
300900,1
300901,2
300902,1
300903,2
300904,1
300905,1
300906,1
300907,1
300908,1
300909,2
300910,1
300911,1
300912,2
300913,1
300914,2
300915,1
300916,1
300917,2
300918,1
300919,2
300920,1
300921,1
300922,1
300923,2
300924,2
300925,1
300926,1
300927,1
300928,2
300929,1
300930,1
300931,2
300932,2
300933,1
300934,2
300935,1
300936,2
300937,2
300938,1
300939,1
300940,1
300941,1
300942,2
300943,2
300944,1
300945,1
300946,2
300947,1
300948,1
300949,1
300950,1
300951,1
300952,1
300953,1
300954,1
300955,1
300956,1
300957,1
300958,2
300959,1
300960,1
300961,2
300962,1
300963,1
300964,1
300965,1
300966,1
300967,1
300968,1
300969,1
300970,1
300971,1
300972,1
300973,1
300974,1
300975,1
300976,1
300977,1
300978,1
300979,1
300980,1
300981,1
300982,1
300983,1
300984,2
300985,2
300986,1
300987,2
300988,1
300989,1
300990,2
300991,2
300992,2
300993,1
300994,2
300995,1
300996,2
300997,2
300998,1
300999,2
301000,1
301001,1
301002,1
301003,2
301004,1
301005,1
301006,1
301007,2
301008,2
301009,1
301010,2
301011,1
301012,1
301013,2
301014,2
301015,2
301016,1
301017,1
301018,1
301019,1
301020,1
301021,2
301022,2
301023,2
301024,2
301025,1
301026,2
301027,2
301028,1
301029,2
301030,1
301031,2
301032,1
301033,1
301034,1
301035,1
301036,1
301037,2
301038,2
301039,1
301040,1
301041,2
301042,1
301043,1
301044,1
301045,1
301046,1
301047,1
301048,1
301049,1
301050,2
301051,1
301052,1
301053,1
301054,1
301055,1
301056,1
301057,1
301058,1
301059,2
301060,1
301061,1
301062,1
301063,2
301064,1
301065,2
301066,2
301067,1
301068,1
301069,2
301070,2
301071,1
301072,1
301073,1
301074,1
301075,2
301076,1
301077,1
301078,1
301079,1
301080,1
301081,2
301082,1
301083,1
301084,2
301085,1
301086,1
301087,1
301088,1
301089,2
301090,1
301091,1
301092,1
301093,2
301094,2
301095,1
301096,1
301097,1
301098,1
301099,1
301100,1
301101,1
301102,2
301103,2
301104,1
301105,1
301106,2
301107,1
301108,1
301109,1
301110,1
301111,2
301112,1
301113,1
301114,1
301115,1
301116,1
301117,1
301118,1
301119,1
301120,1
301121,1
301122,1
301123,1
301124,1
301125,1
301126,2
301127,1
301128,1
301129,1
301130,1
301131,2
301132,1
301133,2
301134,2
301135,1
301136,2
301137,2
301138,1
301139,2
301140,2
301141,1
301142,2
301143,1
301144,1
301145,2
301146,1
301147,1
301148,2
301149,1
301150,1
301151,2
301152,2
301153,2
301154,1
301155,1
301156,2
301157,1
301158,2
301159,1
301160,1
301161,1
301162,1
301163,1
301164,1
301165,2
301166,1
301167,2
301168,2
301169,1
301170,1
301171,1
301172,1
301173,1
301174,1
301175,1
301176,1
301177,2
301178,1
301179,1
301180,2
301181,1
301182,2
301183,1
301184,1
301185,1
301186,2
301187,1
301188,1
301189,1
301190,1
301191,2
301192,1
301193,1
301194,1
301195,1
301196,1
301197,2
301198,2
301199,1
301200,1
301201,1
301202,1
301203,1
301204,1
301205,2
301206,1
301207,1
301208,1
301209,1
301210,1
301211,2
301212,1
301213,1
301214,1
301215,1
301216,1
301217,2
301218,1
301219,1
301220,1
301221,2
301222,1
301223,1
301224,2
301225,1
301226,1
301227,2
301228,1
301229,1
301230,1
301231,2
301232,1
301233,1
301234,1
301235,1
301236,1
301237,1
301238,1
301239,1
301240,2
301241,2
301242,1
301243,1
301244,1
301245,2
301246,2
301247,2
301248,2
301249,2
301250,1
301251,2
301252,2
301253,1
301254,1
301255,1
301256,1
301257,1
301258,1
301259,1
301260,1
301261,1
301262,2
301263,1
301264,2
301265,2
301266,1
301267,1
301268,2
301269,1
301270,1
301271,1
301272,2
301273,2
301274,1
301275,1
301276,1
301277,2
301278,1
301279,1
301280,2
301281,2
301282,1
301283,1
301284,1
301285,1
301286,2
301287,2
301288,2
301289,1
301290,1
301291,2
301292,1
301293,2
301294,2
301295,2
301296,1
301297,1
301298,2
301299,2
301300,1
301301,1
301302,2
301303,1
301304,2
301305,2
301306,1
301307,1
301308,1
301309,2
301310,1
301311,2
301312,1
301313,1
301314,1
301315,1
301316,1
301317,1
301318,2
301319,2
301320,1
301321,2
301322,1
301323,1
301324,1
301325,1
301326,1
301327,1
301328,1
301329,1
301330,1
301331,1
301332,1
301333,1
301334,1
301335,1
301336,1
301337,1
301338,1
301339,1
301340,2
301341,1
301342,2
301343,2
301344,2
301345,2
301346,1
301347,2
301348,1
301349,2
301350,1
301351,2
301352,1
301353,1
301354,1
301355,2
301356,1
301357,2
301358,1
301359,1
301360,1
301361,1
301362,1
301363,1
301364,2
301365,1
301366,1
301367,2
301368,1
301369,1
301370,1
301371,1
301372,1
301373,2
301374,2
301375,1
301376,1
301377,1
301378,1
301379,1
301380,1
301381,1
301382,1
301383,1
301384,1
301385,1
301386,1
301387,1
301388,1
301389,2
301390,1
301391,1
301392,1
301393,1
301394,1
301395,2
301396,2
301397,2
301398,2
301399,1
301400,2
301401,1
301402,1
301403,2
301404,1
301405,1
301406,1
301407,1
301408,1
301409,1
301410,1
301411,1
301412,2
301413,2
301414,2
301415,2
301416,2
301417,1
301418,1
301419,1
301420,1
301421,1
301422,1
301423,1
301424,2
301425,1
301426,1
301427,1
301428,2
301429,1
301430,2
301431,1
301432,2
301433,1
301434,1
301435,1
301436,2
301437,2
301438,1
301439,1
301440,2
301441,1
301442,1
301443,1
301444,1
301445,1
301446,1
301447,1
301448,1
301449,1
301450,1
301451,2
301452,1
301453,2
301454,1
301455,1
301456,1
301457,2
301458,1
301459,1
301460,1
301461,1
301462,1
301463,1
301464,1
301465,2
301466,2
301467,2
301468,1
301469,2
301470,2
301471,1
301472,1
301473,1
301474,2
301475,1
301476,1
301477,2
301478,1
301479,1
301480,1
301481,1
301482,1
301483,1
301484,1
301485,1
301486,1
301487,1
301488,2
301489,1
301490,2
301491,1
301492,1
301493,1
301494,1
301495,1
301496,1
301497,1
301498,1
301499,1
301500,1
301501,1
301502,1
301503,1
301504,1
301505,1
301506,1
301507,1
301508,1
301509,2
301510,2
301511,1
301512,1
301513,1
301514,1
301515,1
301516,2
301517,2
301518,1
301519,1
301520,1
301521,1
301522,1
301523,1
301524,1
301525,2
301526,2
301527,1
301528,1
301529,2
301530,2
301531,1
301532,1
301533,1
301534,1
301535,2
301536,1
301537,1
301538,1
301539,1
301540,1
301541,2
301542,2
301543,1
301544,1
301545,2
301546,1
301547,1
301548,2
301549,1
301550,1
301551,1
301552,2
301553,1
301554,1
301555,1
301556,2
301557,1
301558,1
301559,1
301560,1
301561,1
301562,2
301563,2
301564,1
301565,1
301566,2
301567,1
301568,1
301569,1
301570,1
301571,1
301572,1
301573,2
301574,1
301575,1
301576,1
301577,1
301578,1
301579,1
301580,1
301581,1
301582,1
301583,1
301584,1
301585,1
301586,1
301587,1
301588,1
301589,1
301590,1
301591,1
301592,1
301593,1
301594,1
301595,1
301596,1
301597,2
301598,1
301599,1
301600,1
301601,1
301602,1
301603,1
301604,1
301605,1
301606,1
301607,1
301608,1
301609,1
301610,1
301611,1
301612,1
301613,2
301614,1
301615,1
301616,1
301617,1
301618,1
301619,1
301620,1
301621,1
301622,2
301623,1
301624,1
301625,1
301626,1
301627,2
301628,2
301629,1
301630,1
301631,1
301632,1
301633,1
301634,1
301635,1
301636,1
301637,1
301638,1
301639,2
301640,1
301641,1
301642,1
301643,1
301644,1
301645,1
301646,1
301647,2
301648,1
301649,2
301650,2
301651,1
301652,1
301653,2
301654,1
301655,1
301656,1
301657,1
301658,1
301659,1
301660,1
301661,1
301662,1
301663,1
301664,2
301665,1
301666,1
301667,1
301668,1
301669,2
301670,1
301671,2
301672,2
301673,2
301674,1
301675,1
301676,1
301677,1
301678,1
301679,2
301680,1
301681,1
301682,1
301683,1
301684,2
301685,1
301686,1
301687,1
301688,1
301689,1
301690,1
301691,2
301692,1
301693,2
301694,2
301695,1
301696,1
301697,1
301698,2
301699,2
301700,2
301701,1
301702,1
301703,1
301704,2
301705,2
301706,1
301707,1
301708,1
301709,1
301710,1
301711,2
301712,1
301713,1
301714,1
301715,1
301716,1
301717,2
301718,1
301719,1
301720,1
301721,1
301722,1
301723,1
301724,1
301725,1
301726,1
301727,1
301728,1
301729,2
301730,1
301731,1
301732,1
301733,1
301734,1
301735,1
301736,1
301737,1
301738,1
301739,1
301740,1
301741,1
301742,1
301743,2
301744,1
301745,1
301746,1
301747,2
301748,1
301749,1
301750,1
301751,1
301752,1
301753,1
301754,1
301755,1
301756,2
301757,1
301758,2
301759,1
301760,2
301761,1
301762,1
301763,1
301764,1
301765,1
301766,1
301767,1
301768,1
301769,1
301770,1
301771,1
301772,1
301773,2
301774,1
301775,2
301776,1
301777,1
301778,2
301779,2
301780,1
301781,1
301782,2
301783,1
301784,2
301785,1
301786,1
301787,1
301788,1
301789,1
301790,1
301791,1
301792,1
301793,1
301794,1
301795,2
301796,1
301797,1
301798,2
301799,1
301800,2
301801,1
301802,1
301803,1
301804,1
301805,1
301806,2
301807,1
301808,1
301809,2
301810,2
301811,1
301812,1
301813,2
301814,1
301815,1
301816,1
301817,1
301818,1
301819,2
301820,2
301821,2
301822,2
301823,2
301824,1
301825,2
301826,2
301827,1
301828,2
301829,2
301830,1
301831,2
301832,1
301833,2
301834,2
301835,1
301836,2
301837,1
301838,2
301839,2
301840,2
301841,2
301842,1
301843,1
301844,1
301845,1
301846,2
301847,1
301848,2
301849,1
301850,1
301851,1
301852,2
301853,1
301854,1
301855,1
301856,1
301857,1
301858,1
301859,1
301860,1
301861,1
301862,2
301863,1
301864,2
301865,1
301866,1
301867,2
301868,1
301869,1
301870,1
301871,2
301872,1
301873,1
301874,1
301875,2
301876,1
301877,2
301878,1
301879,1
301880,1
301881,2
301882,2
301883,1
301884,1
301885,2
301886,1
301887,1
301888,2
301889,1
301890,2
301891,1
301892,1
301893,1
301894,1
301895,1
301896,2
301897,1
301898,1
301899,1
301900,1
301901,1
301902,2
301903,1
301904,2
301905,1
301906,1
301907,2
301908,1
301909,1
301910,2
301911,2
301912,1
301913,2
301914,1
301915,1
301916,1
301917,2
301918,1
301919,1
301920,1
301921,1
301922,1
301923,2
301924,1
301925,2
301926,1
301927,1
301928,1
301929,1
301930,2
301931,1
301932,1
301933,2
301934,1
301935,2
301936,1
301937,1
301938,1
301939,2
301940,1
301941,1
301942,1
301943,1
301944,2
301945,1
301946,1
301947,1
301948,1
301949,1
301950,1
301951,1
301952,1
301953,2
301954,2
301955,1
301956,1
301957,1
301958,1
301959,1
301960,1
301961,1
301962,1
301963,1
301964,1
301965,2
301966,2
301967,1
301968,1
301969,1
301970,1
301971,1
301972,1
301973,1
301974,2
301975,1
301976,1
301977,1
301978,2
301979,1
301980,1
301981,2
301982,2
301983,1
301984,2
301985,1
301986,2
301987,2
301988,2
301989,1
301990,2
301991,1
301992,1
301993,1
301994,1
301995,1
301996,1
301997,1
301998,1
301999,1
302000,1
302001,1
302002,1
302003,1
302004,1
302005,1
302006,1
302007,2
302008,1
302009,1
302010,1
302011,1
302012,1
302013,1
302014,1
302015,1
302016,1
302017,1
302018,1
302019,1
302020,1
302021,1
302022,1
302023,1
302024,2
302025,2
302026,2
302027,2
302028,2
302029,2
302030,2
302031,2
302032,1
302033,2
302034,1
302035,1
302036,2
302037,1
302038,2
302039,2
302040,1
302041,1
302042,1
302043,2
302044,1
302045,1
302046,1
302047,2
302048,2
302049,1
302050,1
302051,1
302052,1
302053,1
302054,1
302055,1
302056,1
302057,2
302058,2
302059,1
302060,1
302061,1
302062,2
302063,1
302064,1
302065,1
302066,1
302067,1
302068,2
302069,2
302070,2
302071,1
302072,1
302073,1
302074,1
302075,1
302076,1
302077,1
302078,1
302079,1
302080,1
302081,1
302082,1
302083,1
302084,1
302085,1
302086,2
302087,1
302088,2
302089,2
302090,1
302091,2
302092,2
302093,2
302094,1
302095,1
302096,1
302097,2
302098,1
302099,1
302100,1
302101,1
302102,1
302103,1
302104,1
302105,1
302106,1
302107,1
302108,1
302109,2
302110,1
302111,1
302112,2
302113,2
302114,1
302115,1
302116,2
302117,1
302118,1
302119,1
302120,1
302121,1
302122,1
302123,1
302124,2
302125,1
302126,2
302127,1
302128,1
302129,1
302130,1
302131,1
302132,1
302133,1
302134,1
302135,1
302136,2
302137,2
302138,1
302139,1
302140,1
302141,1
302142,1
302143,1
302144,1
302145,1
302146,1
302147,1
302148,1
302149,1
302150,2
302151,1
302152,1
302153,1
302154,1
302155,1
302156,1
302157,1
302158,2
302159,1
302160,1
302161,2
302162,1
302163,2
302164,1
302165,1
302166,1
302167,1
302168,2
302169,1
302170,1
302171,1
302172,1
302173,2
302174,1
302175,2
302176,1
302177,1
302178,1
302179,1
302180,1
302181,1
302182,2
302183,1
302184,1
302185,1
302186,1
302187,1
302188,1
302189,1
302190,1
302191,1
302192,2
302193,1
302194,2
302195,1
302196,1
302197,1
302198,2
302199,1
302200,1
302201,1
302202,1
302203,1
302204,1
302205,1
302206,1
302207,1
302208,1
302209,1
302210,1
302211,1
302212,2
302213,1
302214,1
302215,1
302216,1
302217,1
302218,2
302219,1
302220,1
302221,1
302222,1
302223,1
302224,1
302225,2
302226,1
302227,1
302228,1
302229,1
302230,1
302231,2
302232,1
302233,1
302234,1
302235,1
302236,1
302237,1
302238,1
302239,1
302240,1
302241,1
302242,1
302243,2
302244,1
302245,1
302246,2
302247,1
302248,1
302249,1
302250,2
302251,1
302252,1
302253,1
302254,1
302255,1
302256,1
302257,1
302258,1
302259,1
302260,1
302261,1
302262,1
302263,1
302264,1
302265,1
302266,1
302267,1
302268,1
302269,1
302270,2
302271,1
302272,1
302273,1
302274,1
302275,1
302276,1
302277,1
302278,1
302279,1
302280,1
302281,1
302282,1
302283,1
302284,2
302285,1
302286,2
302287,1
302288,1
302289,1
302290,1
302291,1
302292,1
302293,1
302294,1
302295,1
302296,1
302297,1
302298,1
302299,1
302300,1
302301,2
302302,2
302303,2
302304,1
302305,1
302306,2
302307,2
302308,2
302309,2
302310,2
302311,1
302312,1
302313,2
302314,1
302315,1
302316,1
302317,1
302318,1
302319,1
302320,2
302321,1
302322,1
302323,2
302324,1
302325,1
302326,1
302327,2
302328,2
302329,2
302330,2
302331,1
302332,2
302333,2
302334,1
302335,1
302336,1
302337,1
302338,1
302339,1
302340,1
302341,1
302342,1
302343,1
302344,1
302345,2
302346,1
302347,2
302348,2
302349,2
302350,2
302351,2
302352,2
302353,2
302354,1
302355,1
302356,1
302357,1
302358,1
302359,2
302360,2
302361,2
302362,1
302363,1
302364,1
302365,1
302366,1
302367,1
302368,1
302369,1
302370,1
302371,1
302372,2
302373,2
302374,1
302375,1
302376,1
302377,1
302378,2
302379,1
302380,1
302381,1
302382,2
302383,1
302384,1
302385,1
302386,1
302387,1
302388,1
302389,1
302390,1
302391,2
302392,1
302393,1
302394,1
302395,2
302396,2
302397,1
302398,1
302399,1
302400,1
302401,1
302402,1
302403,1
302404,1
302405,1
302406,1
302407,1
302408,1
302409,1
302410,1
302411,1
302412,1
302413,1
302414,1
302415,1
302416,1
302417,2
302418,2
302419,1
302420,1
302421,2
302422,1
302423,2
302424,2
302425,1
302426,1
302427,1
302428,1
302429,2
302430,2
302431,1
302432,1
302433,1
302434,1
302435,1
302436,1
302437,1
302438,1
302439,1
302440,1
302441,1
302442,1
302443,1
302444,1
302445,2
302446,2
302447,2
302448,1
302449,2
302450,2
302451,2
302452,2
302453,1
302454,1
302455,1
302456,1
302457,1
302458,1
302459,1
302460,1
302461,2
302462,1
302463,1
302464,1
302465,1
302466,1
302467,2
302468,1
302469,2
302470,1
302471,2
302472,1
302473,1
302474,1
302475,1
302476,1
302477,1
302478,1
302479,1
302480,1
302481,1
302482,2
302483,1
302484,2
302485,2
302486,1
302487,2
302488,2
302489,2
302490,1
302491,2
302492,1
302493,2
302494,1
302495,1
302496,1
302497,1
302498,1
302499,1
302500,1
302501,1
302502,1
302503,1
302504,1
302505,1
302506,1
302507,2
302508,2
302509,1
302510,1
302511,2
302512,2
302513,1
302514,1
302515,1
302516,1
302517,2
302518,2
302519,1
302520,1
302521,1
302522,1
302523,1
302524,1
302525,2
302526,1
302527,1
302528,2
302529,1
302530,2
302531,2
302532,2
302533,2
302534,1
302535,1
302536,1
302537,1
302538,2
302539,1
302540,1
302541,2
302542,2
302543,2
302544,2
302545,2
302546,2
302547,1
302548,2
302549,1
302550,2
302551,2
302552,2
302553,1
302554,1
302555,1
302556,1
302557,2
302558,2
302559,1
302560,1
302561,2
302562,2
302563,1
302564,1
302565,1
302566,1
302567,1
302568,1
302569,1
302570,1
302571,2
302572,1
302573,1
302574,1
302575,1
302576,2
302577,1
302578,1
302579,1
302580,1
302581,1
302582,1
302583,1
302584,2
302585,1
302586,1
302587,1
302588,1
302589,1
302590,1
302591,1
302592,1
302593,1
302594,1
302595,1
302596,1
302597,1
302598,1
302599,1
302600,1
302601,1
302602,2
302603,1
302604,1
302605,2
302606,2
302607,1
302608,1
302609,2
302610,1
302611,1
302612,2
302613,1
302614,1
302615,1
302616,2
302617,1
302618,2
302619,1
302620,2
302621,1
302622,1
302623,1
302624,1
302625,1
302626,1
302627,1
302628,1
302629,2
302630,1
302631,1
302632,2
302633,1
302634,1
302635,1
302636,2
302637,1
302638,1
302639,1
302640,1
302641,1
302642,1
302643,1
302644,1
302645,1
302646,1
302647,1
302648,1
302649,1
302650,1
302651,1
302652,1
302653,1
302654,1
302655,2
302656,2
302657,1
302658,1
302659,1
302660,1
302661,2
302662,1
302663,1
302664,2
302665,1
302666,2
302667,1
302668,1
302669,1
302670,1
302671,1
302672,1
302673,1
302674,1
302675,2
302676,2
302677,1
302678,1
302679,1
302680,1
302681,2
302682,1
302683,2
302684,2
302685,1
302686,2
302687,1
302688,1
302689,1
302690,1
302691,1
302692,2
302693,2
302694,1
302695,1
302696,1
302697,1
302698,1
302699,2
302700,1
302701,1
302702,1
302703,2
302704,1
302705,1
302706,1
302707,2
302708,1
302709,2
302710,2
302711,1
302712,1
302713,1
302714,1
302715,1
302716,2
302717,2
302718,2
302719,2
302720,1
302721,2
302722,2
302723,1
302724,1
302725,1
302726,1
302727,1
302728,1
302729,1
302730,1
302731,1
302732,1
302733,2
302734,1
302735,1
302736,1
302737,1
302738,1
302739,2
302740,1
302741,1
302742,1
302743,1
302744,1
302745,1
302746,1
302747,1
302748,1
302749,2
302750,1
302751,1
302752,1
302753,1
302754,1
302755,1
302756,1
302757,1
302758,1
302759,1
302760,1
302761,1
302762,1
302763,1
302764,2
302765,1
302766,2
302767,1
302768,2
302769,2
302770,1
302771,1
302772,1
302773,1
302774,2
302775,1
302776,1
302777,1
302778,1
302779,1
302780,1
302781,1
302782,1
302783,1
302784,1
302785,1
302786,2
302787,2
302788,1
302789,1
302790,2
302791,1
302792,2
302793,1
302794,1
302795,1
302796,1
302797,1
302798,1
302799,2
302800,1
302801,1
302802,2
302803,1
302804,1
302805,1
302806,2
302807,2
302808,1
302809,2
302810,1
302811,1
302812,1
302813,1
302814,2
302815,1
302816,2
302817,1
302818,1
302819,1
302820,1
302821,1
302822,1
302823,1
302824,1
302825,1
302826,2
302827,1
302828,1
302829,1
302830,1
302831,1
302832,1
302833,1
302834,1
302835,2
302836,1
302837,1
302838,1
302839,1
302840,1
302841,1
302842,1
302843,1
302844,1
302845,1
302846,2
302847,1
302848,1
302849,1
302850,1
302851,1
302852,1
302853,1
302854,1
302855,2
302856,1
302857,1
302858,1
302859,1
302860,2
302861,2
302862,1
302863,2
302864,2
302865,1
302866,1
302867,2
302868,1
302869,1
302870,1
302871,1
302872,1
302873,1
302874,1
302875,1
302876,1
302877,1
302878,2
302879,1
302880,1
302881,1
302882,1
302883,1
302884,2
302885,1
302886,2
302887,1
302888,2
302889,1
302890,1
302891,1
302892,1
302893,2
302894,2
302895,1
302896,2
302897,1
302898,1
302899,1
302900,1
302901,1
302902,1
302903,1
302904,1
302905,1
302906,1
302907,1
302908,1
302909,1
302910,1
302911,1
302912,1
302913,1
302914,2
302915,2
302916,1
302917,1
302918,2
302919,1
302920,1
302921,1
302922,2
302923,1
302924,1
302925,1
302926,1
302927,1
302928,2
302929,1
302930,1
302931,1
302932,1
302933,1
302934,1
302935,1
302936,2
302937,2
302938,1
302939,1
302940,1
302941,2
302942,1
302943,1
302944,2
302945,1
302946,1
302947,1
302948,1
302949,1
302950,2
302951,1
302952,1
302953,1
302954,1
302955,1
302956,1
302957,1
302958,1
302959,2
302960,1
302961,1
302962,1
302963,1
302964,2
302965,1
302966,1
302967,2
302968,1
302969,2
302970,1
302971,1
302972,1
302973,1
302974,1
302975,1
302976,1
302977,1
302978,1
302979,1
302980,1
302981,1
302982,1
302983,1
302984,1
302985,1
302986,1
302987,1
302988,1
302989,1
302990,1
302991,2
302992,1
302993,1
302994,1
302995,1
302996,1
302997,2
302998,1
302999,2
303000,1
303001,1
303002,1
303003,1
303004,1
303005,1
303006,1
303007,1
303008,1
303009,1
303010,2
303011,1
303012,1
303013,1
303014,1
303015,1
303016,1
303017,1
303018,1
303019,1
303020,1
303021,1
303022,2
303023,1
303024,1
303025,1
303026,1
303027,1
303028,1
303029,1
303030,1
303031,1
303032,2
303033,1
303034,1
303035,1
303036,1
303037,1
303038,1
303039,1
303040,1
303041,1
303042,2
303043,1
303044,2
303045,1
303046,1
303047,1
303048,2
303049,2
303050,2
303051,1
303052,1
303053,1
303054,1
303055,1
303056,1
303057,2
303058,1
303059,1
303060,2
303061,2
303062,2
303063,1
303064,1
303065,1
303066,1
303067,2
303068,2
303069,1
303070,1
303071,1
303072,1
303073,2
303074,1
303075,1
303076,1
303077,2
303078,1
303079,1
303080,1
303081,2
303082,1
303083,2
303084,1
303085,1
303086,2
303087,2
303088,1
303089,1
303090,2
303091,2
303092,2
303093,1
303094,2
303095,2
303096,1
303097,2
303098,1
303099,1
303100,1
303101,2
303102,1
303103,1
303104,2
303105,1
303106,1
303107,2
303108,1
303109,1
303110,2
303111,2
303112,2
303113,1
303114,2
303115,2
303116,1
303117,1
303118,1
303119,2
303120,1
303121,1
303122,1
303123,1
303124,1
303125,2
303126,1
303127,1
303128,1
303129,2
303130,1
303131,1
303132,2
303133,1
303134,1
303135,1
303136,1
303137,1
303138,1
303139,1
303140,1
303141,1
303142,2
303143,2
303144,1
303145,1
303146,1
303147,1
303148,1
303149,2
303150,1
303151,1
303152,1
303153,1
303154,1
303155,1
303156,1
303157,1
303158,2
303159,2
303160,1
303161,1
303162,1
303163,2
303164,1
303165,2
303166,2
303167,2
303168,1
303169,1
303170,2
303171,1
303172,1
303173,1
303174,1
303175,1
303176,2
303177,1
303178,1
303179,1
303180,1
303181,1
303182,1
303183,1
303184,2
303185,1
303186,1
303187,1
303188,1
303189,1
303190,1
303191,1
303192,1
303193,1
303194,2
303195,1
303196,2
303197,1
303198,1
303199,1
303200,1
303201,2
303202,2
303203,2
303204,1
303205,2
303206,1
303207,1
303208,2
303209,2
303210,1
303211,1
303212,1
303213,2
303214,1
303215,1
303216,1
303217,1
303218,1
303219,1
303220,1
303221,1
303222,1
303223,1
303224,1
303225,1
303226,2
303227,1
303228,1
303229,2
303230,2
303231,1
303232,2
303233,1
303234,1
303235,1
303236,1
303237,1
303238,1
303239,2
303240,1
303241,1
303242,1
303243,1
303244,2
303245,2
303246,2
303247,1
303248,2
303249,1
303250,1
303251,2
303252,1
303253,1
303254,1
303255,1
303256,1
303257,1
303258,1
303259,2
303260,1
303261,1
303262,1
303263,1
303264,1
303265,2
303266,2
303267,1
303268,2
303269,2
303270,1
303271,2
303272,1
303273,1
303274,2
303275,1
303276,1
303277,1
303278,2
303279,2
303280,2
303281,1
303282,1
303283,1
303284,1
303285,2
303286,1
303287,2
303288,1
303289,1
303290,1
303291,1
303292,2
303293,1
303294,1
303295,1
303296,2
303297,1
303298,1
303299,1
303300,1
303301,2
303302,1
303303,1
303304,2
303305,1
303306,2
303307,1
303308,2
303309,2
303310,2
303311,1
303312,2
303313,2
303314,1
303315,2
303316,1
303317,1
303318,1
303319,1
303320,2
303321,1
303322,1
303323,1
303324,2
303325,1
303326,1
303327,2
303328,2
303329,1
303330,1
303331,1
303332,1
303333,1
303334,1
303335,1
303336,1
303337,2
303338,1
303339,1
303340,2
303341,2
303342,1
303343,2
303344,2
303345,1
303346,2
303347,1
303348,2
303349,2
303350,2
303351,1
303352,1
303353,1
303354,1
303355,1
303356,1
303357,1
303358,1
303359,1
303360,2
303361,1
303362,1
303363,1
303364,1
303365,1
303366,1
303367,2
303368,2
303369,2
303370,1
303371,1
303372,1
303373,1
303374,1
303375,2
303376,2
303377,1
303378,1
303379,2
303380,1
303381,1
303382,2
303383,1
303384,2
303385,2
303386,1
303387,1
303388,2
303389,2
303390,2
303391,1
303392,2
303393,1
303394,2
303395,2
303396,1
303397,1
303398,1
303399,1
303400,1
303401,1
303402,2
303403,1
303404,2
303405,1
303406,1
303407,1
303408,1
303409,2
303410,1
303411,1
303412,1
303413,1
303414,1
303415,1
303416,1
303417,1
303418,1
303419,2
303420,1
303421,1
303422,1
303423,1
303424,1
303425,2
303426,1
303427,1
303428,1
303429,2
303430,2
303431,2
303432,2
303433,1
303434,1
303435,1
303436,1
303437,1
303438,1
303439,1
303440,1
303441,1
303442,2
303443,1
303444,1
303445,1
303446,1
303447,1
303448,2
303449,2
303450,1
303451,1
303452,1
303453,1
303454,1
303455,1
303456,1
303457,1
303458,1
303459,2
303460,1
303461,1
303462,1
303463,1
303464,2
303465,2
303466,1
303467,2
303468,2
303469,1
303470,2
303471,1
303472,1
303473,1
303474,1
303475,1
303476,1
303477,2
303478,1
303479,1
303480,2
303481,1
303482,2
303483,1
303484,1
303485,2
303486,1
303487,1
303488,1
303489,2
303490,1
303491,1
303492,2
303493,1
303494,1
303495,1
303496,1
303497,1
303498,1
303499,1
303500,1
303501,1
303502,1
303503,2
303504,2
303505,1
303506,1
303507,1
303508,2
303509,1
303510,1
303511,1
303512,1
303513,1
303514,2
303515,1
303516,1
303517,1
303518,1
303519,1
303520,2
303521,2
303522,1
303523,1
303524,2
303525,1
303526,1
303527,2
303528,2
303529,1
303530,2
303531,1
303532,1
303533,2
303534,1
303535,1
303536,1
303537,1
303538,2
303539,1
303540,1
303541,1
303542,1
303543,1
303544,2
303545,2
303546,1
303547,1
303548,1
303549,1
303550,2
303551,2
303552,1
303553,2
303554,1
303555,1
303556,1
303557,1
303558,1
303559,2
303560,1
303561,1
303562,1
303563,1
303564,1
303565,2
303566,1
303567,2
303568,1
303569,1
303570,1
303571,1
303572,1
303573,1
303574,1
303575,1
303576,1
303577,1
303578,1
303579,1
303580,1
303581,1
303582,1
303583,1
303584,1
303585,1
303586,1
303587,2
303588,1
303589,1
303590,1
303591,1
303592,2
303593,1
303594,1
303595,1
303596,2
303597,1
303598,2
303599,2
303600,2
303601,2
303602,2
303603,2
303604,1
303605,1
303606,2
303607,1
303608,1
303609,1
303610,1
303611,1
303612,1
303613,1
303614,2
303615,1
303616,2
303617,1
303618,1
303619,1
303620,1
303621,1
303622,1
303623,1
303624,1
303625,2
303626,1
303627,1
303628,1
303629,2
303630,2
303631,1
303632,2
303633,1
303634,1
303635,1
303636,2
303637,2
303638,1
303639,2
303640,1
303641,1
303642,2
303643,1
303644,2
303645,1
303646,1
303647,1
303648,2
303649,1
303650,1
303651,1
303652,1
303653,2
303654,2
303655,1
303656,2
303657,2
303658,1
303659,2
303660,1
303661,1
303662,2
303663,2
303664,1
303665,1
303666,2
303667,1
303668,1
303669,1
303670,1
303671,1
303672,1
303673,2
303674,2
303675,1
303676,2
303677,1
303678,1
303679,1
303680,2
303681,1
303682,1
303683,1
303684,1
303685,1
303686,2
303687,1
303688,1
303689,2
303690,1
303691,1
303692,1
303693,1
303694,1
303695,1
303696,2
303697,1
303698,1
303699,1
303700,1
303701,2
303702,1
303703,1
303704,1
303705,1
303706,2
303707,2
303708,1
303709,1
303710,1
303711,2
303712,2
303713,1
303714,1
303715,2
303716,2
303717,1
303718,1
303719,2
303720,1
303721,1
303722,2
303723,1
303724,2
303725,1
303726,1
303727,1
303728,2
303729,1
303730,1
303731,1
303732,2
303733,1
303734,1
303735,2
303736,1
303737,1
303738,2
303739,2
303740,2
303741,1
303742,2
303743,1
303744,1
303745,2
303746,1
303747,1
303748,1
303749,2
303750,1
303751,1
303752,1
303753,2
303754,1
303755,1
303756,1
303757,1
303758,2
303759,1
303760,1
303761,2
303762,1
303763,1
303764,1
303765,1
303766,1
303767,1
303768,2
303769,1
303770,1
303771,1
303772,2
303773,1
303774,1
303775,1
303776,1
303777,1
303778,1
303779,1
303780,1
303781,1
303782,1
303783,2
303784,2
303785,1
303786,1
303787,1
303788,1
303789,1
303790,2
303791,1
303792,1
303793,1
303794,1
303795,1
303796,1
303797,1
303798,1
303799,1
303800,1
303801,2
303802,1
303803,2
303804,2
303805,1
303806,1
303807,1
303808,1
303809,1
303810,1
303811,1
303812,1
303813,2
303814,2
303815,2
303816,2
303817,1
303818,2
303819,2
303820,1
303821,1
303822,1
303823,1
303824,1
303825,1
303826,1
303827,2
303828,2
303829,1
303830,1
303831,1
303832,1
303833,2
303834,1
303835,1
303836,1
303837,1
303838,1
303839,1
303840,1
303841,2
303842,1
303843,1
303844,1
303845,1
303846,1
303847,1
303848,1
303849,1
303850,2
303851,2
303852,1
303853,1
303854,1
303855,2
303856,1
303857,2
303858,2
303859,1
303860,1
303861,1
303862,1
303863,1
303864,1
303865,1
303866,1
303867,1
303868,1
303869,1
303870,1
303871,1
303872,1
303873,1
303874,1
303875,1
303876,1
303877,1
303878,2
303879,1
303880,1
303881,2
303882,1
303883,1
303884,2
303885,2
303886,1
303887,1
303888,1
303889,2
303890,1
303891,1
303892,1
303893,1
303894,2
303895,1
303896,1
303897,1
303898,1
303899,1
303900,2
303901,1
303902,2
303903,1
303904,2
303905,1
303906,2
303907,1
303908,2
303909,2
303910,1
303911,1
303912,2
303913,2
303914,2
303915,2
303916,2
303917,2
303918,1
303919,2
303920,1
303921,2
303922,1
303923,2
303924,1
303925,2
303926,2
303927,1
303928,2
303929,1
303930,1
303931,1
303932,1
303933,2
303934,1
303935,1
303936,1
303937,2
303938,2
303939,1
303940,1
303941,1
303942,1
303943,2
303944,2
303945,2
303946,2
303947,1
303948,1
303949,2
303950,1
303951,2
303952,2
303953,1
303954,1
303955,1
303956,2
303957,2
303958,2
303959,1
303960,2
303961,1
303962,2
303963,2
303964,1
303965,1
303966,1
303967,1
303968,1
303969,1
303970,1
303971,2
303972,2
303973,1
303974,1
303975,1
303976,1
303977,1
303978,1
303979,1
303980,1
303981,1
303982,1
303983,2
303984,1
303985,1
303986,1
303987,1
303988,2
303989,1
303990,2
303991,2
303992,1
303993,1
303994,1
303995,2
303996,1
303997,1
303998,1
303999,1
304000,2
304001,1
304002,2
304003,1
304004,2
304005,1
304006,1
304007,1
304008,1
304009,1
304010,1
304011,1
304012,2
304013,1
304014,2
304015,1
304016,1
304017,1
304018,1
304019,2
304020,2
304021,1
304022,2
304023,1
304024,2
304025,2
304026,1
304027,2
304028,1
304029,1
304030,2
304031,2
304032,2
304033,2
304034,2
304035,1
304036,1
304037,1
304038,2
304039,2
304040,2
304041,1
304042,1
304043,1
304044,1
304045,1
304046,1
304047,1
304048,2
304049,2
304050,1
304051,1
304052,2
304053,2
304054,1
304055,1
304056,1
304057,1
304058,2
304059,1
304060,2
304061,2
304062,1
304063,2
304064,2
304065,1
304066,2
304067,2
304068,2
304069,2
304070,1
304071,1
304072,2
304073,1
304074,1
304075,1
304076,1
304077,1
304078,2
304079,1
304080,1
304081,2
304082,2
304083,1
304084,1
304085,2
304086,1
304087,2
304088,2
304089,1
304090,1
304091,1
304092,2
304093,1
304094,1
304095,2
304096,1
304097,1
304098,1
304099,1
304100,1
304101,1
304102,1
304103,1
304104,1
304105,2
304106,2
304107,1
304108,2
304109,1
304110,1
304111,2
304112,1
304113,1
304114,1
304115,1
304116,1
304117,1
304118,1
304119,1
304120,2
304121,1
304122,1
304123,1
304124,1
304125,2
304126,1
304127,1
304128,2
304129,1
304130,1
304131,1
304132,1
304133,2
304134,1
304135,1
304136,2
304137,1
304138,1
304139,1
304140,1
304141,1
304142,1
304143,1
304144,1
304145,1
304146,1
304147,1
304148,1
304149,1
304150,2
304151,1
304152,1
304153,1
304154,1
304155,1
304156,1
304157,1
304158,1
304159,1
304160,2
304161,1
304162,1
304163,1
304164,2
304165,1
304166,2
304167,2
304168,2
304169,2
304170,1
304171,1
304172,1
304173,2
304174,2
304175,1
304176,1
304177,1
304178,1
304179,1
304180,1
304181,1
304182,1
304183,1
304184,1
304185,1
304186,1
304187,1
304188,1
304189,1
304190,1
304191,1
304192,1
304193,1
304194,1
304195,1
304196,1
304197,2
304198,2
304199,2
304200,2
304201,1
304202,1
304203,1
304204,1
304205,1
304206,2
304207,1
304208,1
304209,1
304210,1
304211,1
304212,1
304213,2
304214,2
304215,1
304216,1
304217,1
304218,1
304219,1
304220,1
304221,1
304222,1
304223,1
304224,1
304225,1
304226,2
304227,2
304228,1
304229,1
304230,1
304231,1
304232,2
304233,1
304234,1
304235,2
304236,1
304237,1
304238,1
304239,1
304240,1
304241,1
304242,1
304243,1
304244,1
304245,1
304246,1
304247,1
304248,1
304249,1
304250,2
304251,1
304252,1
304253,1
304254,1
304255,1
304256,1
304257,1
304258,1
304259,1
304260,1
304261,1
304262,1
304263,2
304264,2
304265,1
304266,1
304267,1
304268,2
304269,2
304270,1
304271,1
304272,2
304273,1
304274,2
304275,2
304276,1
304277,1
304278,1
304279,1
304280,2
304281,1
304282,1
304283,1
304284,2
304285,2
304286,1
304287,2
304288,1
304289,2
304290,2
304291,1
304292,2
304293,1
304294,2
304295,1
304296,1
304297,2
304298,2
304299,1
304300,1
304301,1
304302,1
304303,1
304304,2
304305,1
304306,1
304307,1
304308,1
304309,1
304310,2
304311,1
304312,1
304313,1
304314,1
304315,1
304316,1
304317,1
304318,2
304319,2
304320,1
304321,1
304322,1
304323,1
304324,2
304325,1
304326,1
304327,1
304328,1
304329,1
304330,1
304331,1
304332,1
304333,1
304334,1
304335,1
304336,1
304337,2
304338,1
304339,2
304340,1
304341,2
304342,2
304343,1
304344,1
304345,1
304346,2
304347,1
304348,1
304349,2
304350,2
304351,2
304352,1
304353,1
304354,2
304355,1
304356,1
304357,2
304358,2
304359,2
304360,2
304361,2
304362,2
304363,2
304364,1
304365,1
304366,1
304367,2
304368,1
304369,1
304370,1
304371,1
304372,1
304373,1
304374,1
304375,1
304376,1
304377,1
304378,1
304379,1
304380,2
304381,1
304382,2
304383,1
304384,1
304385,1
304386,2
304387,1
304388,1
304389,1
304390,1
304391,2
304392,1
304393,2
304394,1
304395,2
304396,1
304397,1
304398,1
304399,1
304400,2
304401,2
304402,1
304403,1
304404,1
304405,2
304406,1
304407,2
304408,2
304409,2
304410,1
304411,1
304412,1
304413,1
304414,1
304415,1
304416,2
304417,1
304418,2
304419,2
304420,1
304421,1
304422,1
304423,1
304424,1
304425,2
304426,1
304427,1
304428,1
304429,1
304430,2
304431,2
304432,1
304433,2
304434,1
304435,1
304436,1
304437,1
304438,1
304439,2
304440,2
304441,1
304442,1
304443,2
304444,1
304445,2
304446,1
304447,2
304448,2
304449,2
304450,1
304451,1
304452,1
304453,1
304454,1
304455,1
304456,1
304457,1
304458,1
304459,1
304460,2
304461,1
304462,2
304463,1
304464,1
304465,2
304466,2
304467,1
304468,1
304469,1
304470,1
304471,1
304472,1
304473,2
304474,1
304475,1
304476,1
304477,1
304478,1
304479,1
304480,1
304481,1
304482,1
304483,1
304484,2
304485,1
304486,2
304487,1
304488,1
304489,1
304490,1
304491,2
304492,2
304493,1
304494,2
304495,1
304496,1
304497,1
304498,1
304499,2
304500,2
304501,1
304502,2
304503,1
304504,1
304505,1
304506,1
304507,1
304508,1
304509,1
304510,2
304511,1
304512,1
304513,1
304514,2
304515,1
304516,2
304517,1
304518,1
304519,1
304520,2
304521,1
304522,1
304523,2
304524,1
304525,1
304526,1
304527,2
304528,1
304529,1
304530,1
304531,2
304532,1
304533,2
304534,2
304535,1
304536,2
304537,2
304538,2
304539,1
304540,1
304541,1
304542,1
304543,1
304544,1
304545,1
304546,1
304547,1
304548,2
304549,1
304550,1
304551,1
304552,2
304553,2
304554,1
304555,2
304556,1
304557,1
304558,1
304559,1
304560,1
304561,2
304562,1
304563,1
304564,1
304565,2
304566,2
304567,2
304568,1
304569,1
304570,2
304571,2
304572,1
304573,2
304574,2
304575,1
304576,2
304577,2
304578,1
304579,1
304580,1
304581,1
304582,2
304583,1
304584,1
304585,1
304586,1
304587,1
304588,1
304589,2
304590,2
304591,2
304592,2
304593,2
304594,2
304595,2
304596,2
304597,1
304598,1
304599,1
304600,1
304601,2
304602,1
304603,1
304604,1
304605,1
304606,2
304607,1
304608,1
304609,1
304610,1
304611,1
304612,1
304613,1
304614,1
304615,1
304616,1
304617,1
304618,2
304619,1
304620,1
304621,2
304622,2
304623,2
304624,2
304625,1
304626,1
304627,1
304628,1
304629,1
304630,1
304631,1
304632,2
304633,2
304634,1
304635,1
304636,1
304637,2
304638,1
304639,1
304640,1
304641,1
304642,2
304643,2
304644,1
304645,2
304646,1
304647,2
304648,2
304649,1
304650,1
304651,1
304652,1
304653,1
304654,2
304655,2
304656,1
304657,1
304658,1
304659,1
304660,2
304661,2
304662,1
304663,1
304664,2
304665,1
304666,1
304667,2
304668,2
304669,1
304670,1
304671,1
304672,1
304673,1
304674,2
304675,1
304676,1
304677,1
304678,1
304679,1
304680,1
304681,2
304682,2
304683,1
304684,2
304685,2
304686,2
304687,1
304688,2
304689,2
304690,1
304691,1
304692,1
304693,2
304694,1
304695,1
304696,2
304697,2
304698,2
304699,2
304700,2
304701,1
304702,1
304703,2
304704,1
304705,1
304706,1
304707,1
304708,1
304709,2
304710,1
304711,1
304712,1
304713,1
304714,1
304715,2
304716,1
304717,2
304718,2
304719,1
304720,1
304721,2
304722,2
304723,1
304724,1
304725,1
304726,1
304727,1
304728,2
304729,1
304730,1
304731,1
304732,1
304733,1
304734,2
304735,1
304736,1
304737,1
304738,2
304739,2
304740,2
304741,2
304742,2
304743,2
304744,1
304745,2
304746,2
304747,1
304748,1
304749,1
304750,2
304751,1
304752,1
304753,1
304754,1
304755,1
304756,1
304757,2
304758,1
304759,1
304760,1
304761,1
304762,1
304763,2
304764,1
304765,1
304766,2
304767,2
304768,2
304769,1
304770,1
304771,1
304772,1
304773,1
304774,1
304775,2
304776,1
304777,1
304778,1
304779,2
304780,2
304781,1
304782,1
304783,2
304784,2
304785,2
304786,2
304787,1
304788,1
304789,1
304790,1
304791,1
304792,1
304793,1
304794,1
304795,1
304796,1
304797,1
304798,1
304799,2
304800,2
304801,1
304802,1
304803,2
304804,1
304805,1
304806,2
304807,2
304808,1
304809,2
304810,2
304811,1
304812,1
304813,1
304814,2
304815,1
304816,1
304817,1
304818,1
304819,2
304820,2
304821,1
304822,1
304823,2
304824,1
304825,1
304826,1
304827,1
304828,2
304829,1
304830,2
304831,2
304832,1
304833,1
304834,2
304835,1
304836,2
304837,2
304838,2
304839,1
304840,2
304841,1
304842,1
304843,2
304844,1
304845,2
304846,1
304847,1
304848,1
304849,2
304850,1
304851,1
304852,2
304853,1
304854,1
304855,2
304856,1
304857,1
304858,1
304859,2
304860,2
304861,2
304862,1
304863,1
304864,2
304865,1
304866,1
304867,1
304868,1
304869,1
304870,2
304871,1
304872,2
304873,2
304874,1
304875,2
304876,1
304877,2
304878,1
304879,2
304880,1
304881,1
304882,1
304883,2
304884,2
304885,1
304886,2
304887,1
304888,1
304889,1
304890,1
304891,2
304892,1
304893,1
304894,1
304895,1
304896,1
304897,2
304898,1
304899,1
304900,1
304901,1
304902,2
304903,1
304904,2
304905,1
304906,1
304907,1
304908,1
304909,1
304910,1
304911,1
304912,1
304913,1
304914,2
304915,1
304916,1
304917,1
304918,1
304919,1
304920,2
304921,2
304922,1
304923,1
304924,2
304925,1
304926,2
304927,1
304928,1
304929,1
304930,2
304931,1
304932,2
304933,1
304934,2
304935,1
304936,1
304937,2
304938,1
304939,1
304940,1
304941,2
304942,1
304943,2
304944,2
304945,1
304946,1
304947,1
304948,1
304949,1
304950,1
304951,1
304952,1
304953,1
304954,1
304955,1
304956,1
304957,1
304958,1
304959,1
304960,1
304961,2
304962,2
304963,2
304964,2
304965,1
304966,1
304967,1
304968,2
304969,1
304970,2
304971,1
304972,1
304973,1
304974,1
304975,1
304976,1
304977,1
304978,1
304979,1
304980,1
304981,2
304982,1
304983,1
304984,1
304985,1
304986,1
304987,1
304988,1
304989,2
304990,1
304991,1
304992,1
304993,1
304994,1
304995,1
304996,1
304997,1
304998,1
304999,1
305000,1
305001,2
305002,2
305003,2
305004,1
305005,1
305006,1
305007,1
305008,1
305009,1
305010,1
305011,1
305012,1
305013,1
305014,1
305015,1
305016,1
305017,1
305018,1
305019,1
305020,1
305021,1
305022,2
305023,2
305024,1
305025,1
305026,1
305027,1
305028,1
305029,2
305030,2
305031,1
305032,2
305033,1
305034,1
305035,2
305036,1
305037,1
305038,2
305039,1
305040,1
305041,1
305042,1
305043,1
305044,2
305045,1
305046,1
305047,1
305048,2
305049,2
305050,2
305051,2
305052,1
305053,1
305054,1
305055,1
305056,1
305057,2
305058,1
305059,2
305060,1
305061,2
305062,1
305063,1
305064,2
305065,2
305066,1
305067,1
305068,1
305069,1
305070,1
305071,1
305072,1
305073,1
305074,1
305075,1
305076,2
305077,1
305078,1
305079,1
305080,2
305081,2
305082,1
305083,1
305084,1
305085,1
305086,2
305087,1
305088,1
305089,2
305090,2
305091,1
305092,2
305093,1
305094,2
305095,2
305096,2
305097,2
305098,1
305099,2
305100,1
305101,1
305102,1
305103,1
305104,2
305105,2
305106,1
305107,1
305108,1
305109,1
305110,1
305111,1
305112,2
305113,1
305114,1
305115,1
305116,1
305117,1
305118,2
305119,1
305120,1
305121,1
305122,2
305123,2
305124,2
305125,1
305126,1
305127,1
305128,1
305129,1
305130,1
305131,1
305132,1
305133,1
305134,1
305135,1
305136,1
305137,1
305138,2
305139,1
305140,1
305141,1
305142,1
305143,2
305144,2
305145,2
305146,2
305147,2
305148,2
305149,1
305150,2
305151,2
305152,1
305153,1
305154,2
305155,2
305156,1
305157,1
305158,1
305159,1
305160,1
305161,1
305162,1
305163,1
305164,1
305165,2
305166,2
305167,1
305168,1
305169,1
305170,1
305171,1
305172,1
305173,2
305174,1
305175,1
305176,1
305177,1
305178,2
305179,1
305180,1
305181,1
305182,1
305183,1
305184,1
305185,1
305186,1
305187,1
305188,1
305189,2
305190,1
305191,1
305192,2
305193,1
305194,1
305195,1
305196,1
305197,1
305198,1
305199,1
305200,1
305201,1
305202,1
305203,1
305204,1
305205,1
305206,1
305207,1
305208,1
305209,1
305210,1
305211,1
305212,1
305213,1
305214,1
305215,1
305216,1
305217,1
305218,1
305219,1
305220,2
305221,2
305222,1
305223,1
305224,2
305225,2
305226,1
305227,2
305228,1
305229,1
305230,2
305231,1
305232,1
305233,1
305234,1
305235,1
305236,1
305237,1
305238,1
305239,2
305240,1
305241,1
305242,1
305243,1
305244,1
305245,1
305246,2
305247,2
305248,1
305249,1
305250,1
305251,2
305252,1
305253,1
305254,2
305255,2
305256,2
305257,1
305258,1
305259,1
305260,1
305261,1
305262,2
305263,2
305264,1
305265,1
305266,1
305267,1
305268,2
305269,1
305270,2
305271,2
305272,1
305273,2
305274,1
305275,1
305276,1
305277,1
305278,1
305279,1
305280,1
305281,1
305282,1
305283,2
305284,1
305285,1
305286,1
305287,1
305288,1
305289,1
305290,1
305291,2
305292,2
305293,1
305294,1
305295,1
305296,1
305297,1
305298,1
305299,1
305300,2
305301,2
305302,1
305303,1
305304,1
305305,1
305306,1
305307,2
305308,1
305309,1
305310,1
305311,1
305312,1
305313,1
305314,1
305315,1
305316,1
305317,1
305318,1
305319,2
305320,1
305321,1
305322,2
305323,2
305324,1
305325,1
305326,1
305327,2
305328,1
305329,2
305330,1
305331,1
305332,1
305333,2
305334,1
305335,2
305336,1
305337,1
305338,1
305339,2
305340,1
305341,2
305342,1
305343,2
305344,2
305345,1
305346,2
305347,2
305348,1
305349,2
305350,1
305351,1
305352,1
305353,1
305354,2
305355,1
305356,1
305357,1
305358,1
305359,1
305360,2
305361,1
305362,2
305363,2
305364,2
305365,1
305366,2
305367,1
305368,2
305369,1
305370,1
305371,2
305372,1
305373,2
305374,1
305375,1
305376,1
305377,1
305378,1
305379,2
305380,2
305381,1
305382,1
305383,2
305384,1
305385,1
305386,1
305387,1
305388,2
305389,2
305390,1
305391,2
305392,2
305393,1
305394,1
305395,2
305396,1
305397,2
305398,1
305399,1
305400,2
305401,1
305402,1
305403,2
305404,2
305405,2
305406,2
305407,1
305408,1
305409,1
305410,1
305411,2
305412,1
305413,1
305414,1
305415,1
305416,1
305417,2
305418,1
305419,1
305420,2
305421,1
305422,2
305423,1
305424,1
305425,1
305426,2
305427,1
305428,1
305429,1
305430,1
305431,1
305432,1
305433,1
305434,1
305435,1
305436,2
305437,1
305438,1
305439,1
305440,1
305441,2
305442,2
305443,1
305444,1
305445,2
305446,1
305447,2
305448,1
305449,1
305450,1
305451,1
305452,1
305453,1
305454,2
305455,2
305456,1
305457,1
305458,1
305459,1
305460,2
305461,2
305462,2
305463,1
305464,1
305465,1
305466,1
305467,1
305468,2
305469,1
305470,1
305471,1
305472,2
305473,1
305474,1
305475,2
305476,2
305477,2
305478,1
305479,1
305480,1
305481,1
305482,1
305483,1
305484,1
305485,2
305486,1
305487,1
305488,2
305489,2
305490,1
305491,2
305492,1
305493,2
305494,2
305495,1
305496,1
305497,2
305498,2
305499,1
305500,1
305501,1
305502,1
305503,1
305504,1
305505,1
305506,1
305507,1
305508,2
305509,1
305510,2
305511,2
305512,1
305513,1
305514,2
305515,2
305516,1
305517,1
305518,1
305519,1
305520,1
305521,1
305522,1
305523,1
305524,1
305525,1
305526,1
305527,1
305528,1
305529,1
305530,1
305531,1
305532,1
305533,2
305534,1
305535,2
305536,2
305537,1
305538,2
305539,1
305540,1
305541,2
305542,1
305543,1
305544,1
305545,2
305546,1
305547,2
305548,1
305549,1
305550,1
305551,1
305552,2
305553,1
305554,1
305555,1
305556,1
305557,1
305558,1
305559,1
305560,1
305561,1
305562,1
305563,1
305564,1
305565,2
305566,2
305567,1
305568,1
305569,1
305570,2
305571,1
305572,2
305573,1
305574,1
305575,2
305576,2
305577,1
305578,1
305579,2
305580,1
305581,2
305582,2
305583,2
305584,1
305585,1
305586,1
305587,1
305588,1
305589,2
305590,2
305591,1
305592,1
305593,1
305594,1
305595,1
305596,1
305597,1
305598,1
305599,1
305600,1
305601,2
305602,1
305603,1
305604,1
305605,1
305606,1
305607,1
305608,2
305609,1
305610,1
305611,2
305612,1
305613,1
305614,2
305615,2
305616,1
305617,1
305618,2
305619,1
305620,1
305621,2
305622,1
305623,1
305624,1
305625,1
305626,1
305627,1
305628,2
305629,2
305630,2
305631,1
305632,1
305633,1
305634,1
305635,2
305636,2
305637,1
305638,1
305639,1
305640,2
305641,1
305642,1
305643,1
305644,1
305645,1
305646,1
305647,1
305648,1
305649,1
305650,1
305651,1
305652,1
305653,1
305654,1
305655,2
305656,1
305657,1
305658,2
305659,1
305660,1
305661,1
305662,1
305663,1
305664,2
305665,1
305666,2
305667,1
305668,1
305669,1
305670,1
305671,1
305672,2
305673,1
305674,1
305675,1
305676,2
305677,1
305678,2
305679,2
305680,1
305681,1
305682,1
305683,2
305684,1
305685,1
305686,1
305687,1
305688,2
305689,2
305690,1
305691,2
305692,1
305693,1
305694,1
305695,2
305696,1
305697,2
305698,2
305699,1
305700,1
305701,1
305702,1
305703,1
305704,1
305705,1
305706,1
305707,2
305708,1
305709,1
305710,1
305711,2
305712,1
305713,2
305714,1
305715,1
305716,2
305717,2
305718,2
305719,2
305720,1
305721,1
305722,2
305723,1
305724,1
305725,1
305726,1
305727,2
305728,2
305729,2
305730,2
305731,1
305732,2
305733,1
305734,2
305735,1
305736,2
305737,1
305738,1
305739,1
305740,1
305741,1
305742,2
305743,1
305744,2
305745,1
305746,2
305747,2
305748,1
305749,2
305750,2
305751,2
305752,2
305753,1
305754,1
305755,1
305756,1
305757,1
305758,1
305759,1
305760,1
305761,1
305762,2
305763,1
305764,2
305765,1
305766,1
305767,1
305768,1
305769,1
305770,1
305771,2
305772,1
305773,2
305774,2
305775,2
305776,1
305777,1
305778,1
305779,1
305780,2
305781,1
305782,1
305783,2
305784,2
305785,2
305786,2
305787,1
305788,2
305789,1
305790,1
305791,2
305792,1
305793,1
305794,1
305795,1
305796,1
305797,1
305798,1
305799,1
305800,1
305801,1
305802,1
305803,2
305804,1
305805,1
305806,2
305807,1
305808,1
305809,1
305810,1
305811,1
305812,1
305813,1
305814,1
305815,2
305816,1
305817,1
305818,1
305819,1
305820,2
305821,2
305822,1
305823,1
305824,1
305825,1
305826,1
305827,1
305828,1
305829,1
305830,2
305831,2
305832,1
305833,1
305834,2
305835,1
305836,1
305837,2
305838,2
305839,1
305840,1
305841,2
305842,1
305843,1
305844,1
305845,1
305846,1
305847,1
305848,1
305849,1
305850,1
305851,1
305852,1
305853,2
305854,1
305855,1
305856,2
305857,1
305858,1
305859,2
305860,2
305861,2
305862,1
305863,2
305864,1
305865,1
305866,1
305867,1
305868,1
305869,2
305870,1
305871,2
305872,2
305873,1
305874,1
305875,1
305876,1
305877,2
305878,2
305879,1
305880,1
305881,2
305882,2
305883,1
305884,2
305885,1
305886,1
305887,1
305888,2
305889,1
305890,2
305891,2
305892,1
305893,2
305894,2
305895,1
305896,1
305897,2
305898,2
305899,1
305900,1
305901,1
305902,2
305903,1
305904,2
305905,1
305906,1
305907,1
305908,1
305909,1
305910,1
305911,2
305912,1
305913,1
305914,1
305915,2
305916,1
305917,1
305918,1
305919,2
305920,2
305921,1
305922,1
305923,2
305924,1
305925,1
305926,2
305927,1
305928,2
305929,1
305930,1
305931,1
305932,1
305933,1
305934,1
305935,2
305936,1
305937,1
305938,1
305939,1
305940,2
305941,1
305942,1
305943,1
305944,2
305945,2
305946,1
305947,2
305948,1
305949,1
305950,1
305951,1
305952,1
305953,2
305954,1
305955,1
305956,2
305957,2
305958,2
305959,1
305960,1
305961,2
305962,1
305963,1
305964,1
305965,1
305966,1
305967,1
305968,2
305969,1
305970,1
305971,1
305972,1
305973,1
305974,2
305975,1
305976,1
305977,1
305978,1
305979,1
305980,2
305981,1
305982,1
305983,1
305984,1
305985,1
305986,1
305987,1
305988,1
305989,1
305990,1
305991,1
305992,1
305993,1
305994,2
305995,1
305996,1
305997,1
305998,2
305999,2
306000,2
306001,2
306002,2
306003,1
306004,2
306005,1
306006,1
306007,2
306008,1
306009,2
306010,2
306011,1
306012,1
306013,1
306014,2
306015,1
306016,1
306017,1
306018,1
306019,2
306020,1
306021,1
306022,1
306023,1
306024,1
306025,1
306026,1
306027,1
306028,1
306029,1
306030,1
306031,2
306032,1
306033,2
306034,2
306035,2
306036,1
306037,2
306038,2
306039,1
306040,1
306041,1
306042,1
306043,1
306044,1
306045,1
306046,1
306047,1
306048,1
306049,2
306050,1
306051,2
306052,2
306053,2
306054,1
306055,1
306056,1
306057,1
306058,1
306059,1
306060,2
306061,1
306062,1
306063,1
306064,1
306065,1
306066,1
306067,1
306068,1
306069,1
306070,1
306071,1
306072,1
306073,2
306074,1
306075,1
306076,1
306077,1
306078,1
306079,1
306080,1
306081,2
306082,1
306083,1
306084,1
306085,2
306086,1
306087,2
306088,1
306089,1
306090,1
306091,1
306092,1
306093,1
306094,1
306095,1
306096,2
306097,2
306098,2
306099,1
306100,1
306101,1
306102,1
306103,1
306104,1
306105,1
306106,1
306107,2
306108,2
306109,1
306110,2
306111,1
306112,1
306113,1
306114,1
306115,1
306116,2
306117,1
306118,1
306119,1
306120,2
306121,1
306122,1
306123,1
306124,1
306125,1
306126,2
306127,2
306128,1
306129,1
306130,1
306131,1
306132,1
306133,2
306134,2
306135,1
306136,1
306137,1
306138,1
306139,2
306140,1
306141,1
306142,1
306143,2
306144,1
306145,1
306146,1
306147,1
306148,1
306149,1
306150,1
306151,1
306152,2
306153,2
306154,1
306155,1
306156,1
306157,1
306158,1
306159,2
306160,2
306161,2
306162,2
306163,2
306164,1
306165,2
306166,1
306167,1
306168,2
306169,1
306170,2
306171,1
306172,2
306173,1
306174,1
306175,1
306176,1
306177,1
306178,2
306179,1
306180,1
306181,1
306182,1
306183,1
306184,1
306185,1
306186,1
306187,1
306188,1
306189,1
306190,2
306191,1
306192,1
306193,1
306194,2
306195,1
306196,1
306197,1
306198,1
306199,1
306200,1
306201,1
306202,1
306203,1
306204,1
306205,1
306206,1
306207,1
306208,2
306209,1
306210,1
306211,1
306212,1
306213,2
306214,1
306215,1
306216,1
306217,1
306218,2
306219,1
306220,1
306221,2
306222,1
306223,1
306224,1
306225,1
306226,1
306227,2
306228,1
306229,1
306230,1
306231,1
306232,1
306233,1
306234,1
306235,2
306236,1
306237,1
306238,1
306239,1
306240,1
306241,1
306242,1
306243,1
306244,2
306245,1
306246,1
306247,1
306248,2
306249,1
306250,1
306251,2
306252,1
306253,1
306254,1
306255,1
306256,1
306257,1
306258,1
306259,1
306260,1
306261,1
306262,1
306263,1
306264,1
306265,1
306266,2
306267,2
306268,1
306269,2
306270,2
306271,1
306272,1
306273,1
306274,1
306275,1
306276,2
306277,2
306278,1
306279,2
306280,2
306281,2
306282,2
306283,2
306284,1
306285,2
306286,2
306287,1
306288,2
306289,2
306290,1
306291,1
306292,2
306293,2
306294,2
306295,2
306296,2
306297,1
306298,1
306299,1
306300,1
306301,2
306302,1
306303,1
306304,2
306305,1
306306,2
306307,1
306308,1
306309,2
306310,1
306311,1
306312,2
306313,2
306314,1
306315,1
306316,1
306317,1
306318,1
306319,1
306320,1
306321,1
306322,1
306323,1
306324,1
306325,1
306326,2
306327,2
306328,1
306329,1
306330,1
306331,2
306332,1
306333,1
306334,1
306335,1
306336,2
306337,1
306338,1
306339,1
306340,1
306341,2
306342,1
306343,2
306344,1
306345,1
306346,2
306347,1
306348,1
306349,2
306350,2
306351,2
306352,1
306353,1
306354,2
306355,1
306356,2
306357,1
306358,1
306359,1
306360,1
306361,1
306362,1
306363,1
306364,1
306365,1
306366,1
306367,1
306368,2
306369,1
306370,1
306371,1
306372,1
306373,2
306374,1
306375,2
306376,1
306377,1
306378,2
306379,1
306380,1
306381,1
306382,1
306383,1
306384,1
306385,1
306386,2
306387,1
306388,2
306389,1
306390,1
306391,2
306392,1
306393,1
306394,1
306395,1
306396,1
306397,1
306398,1
306399,1
306400,1
306401,2
306402,2
306403,1
306404,1
306405,1
306406,2
306407,1
306408,1
306409,1
306410,1
306411,1
306412,1
306413,2
306414,1
306415,2
306416,2
306417,1
306418,1
306419,1
306420,2
306421,2
306422,2
306423,1
306424,1
306425,1
306426,1
306427,1
306428,1
306429,1
306430,1
306431,1
306432,2
306433,2
306434,1
306435,1
306436,1
306437,2
306438,1
306439,1
306440,2
306441,1
306442,1
306443,2
306444,1
306445,1
306446,1
306447,1
306448,2
306449,1
306450,1
306451,1
306452,1
306453,2
306454,1
306455,1
306456,1
306457,1
306458,1
306459,2
306460,2
306461,2
306462,1
306463,1
306464,1
306465,1
306466,1
306467,1
306468,1
306469,1
306470,1
306471,1
306472,1
306473,2
306474,2
306475,2
306476,1
306477,1
306478,1
306479,1
306480,1
306481,1
306482,1
306483,1
306484,1
306485,1
306486,2
306487,1
306488,1
306489,1
306490,1
306491,1
306492,1
306493,2
306494,2
306495,1
306496,1
306497,2
306498,2
306499,1
306500,2
306501,1
306502,1
306503,1
306504,1
306505,1
306506,2
306507,1
306508,2
306509,1
306510,2
306511,2
306512,2
306513,2
306514,2
306515,1
306516,1
306517,2
306518,1
306519,1
306520,1
306521,2
306522,1
306523,1
306524,1
306525,1
306526,2
306527,1
306528,1
306529,2
306530,1
306531,1
306532,1
306533,1
306534,2
306535,2
306536,2
306537,1
306538,1
306539,2
306540,1
306541,1
306542,1
306543,1
306544,1
306545,2
306546,1
306547,2
306548,1
306549,1
306550,1
306551,1
306552,2
306553,1
306554,1
306555,1
306556,2
306557,1
306558,1
306559,1
306560,1
306561,1
306562,1
306563,1
306564,1
306565,1
306566,2
306567,1
306568,1
306569,1
306570,2
306571,2
306572,1
306573,2
306574,1
306575,1
306576,1
306577,1
306578,1
306579,1
306580,1
306581,1
306582,1
306583,1
306584,1
306585,1
306586,1
306587,1
306588,1
306589,1
306590,1
306591,1
306592,2
306593,1
306594,1
306595,1
306596,2
306597,1
306598,1
306599,1
306600,2
306601,1
306602,1
306603,1
306604,2
306605,1
306606,1
306607,2
306608,1
306609,2
306610,1
306611,2
306612,1
306613,1
306614,2
306615,2
306616,2
306617,1
306618,1
306619,1
306620,1
306621,1
306622,2
306623,1
306624,1
306625,2
306626,1
306627,1
306628,2
306629,2
306630,2
306631,2
306632,2
306633,1
306634,1
306635,1
306636,2
306637,1
306638,1
306639,1
306640,1
306641,1
306642,1
306643,1
306644,1
306645,1
306646,2
306647,1
306648,1
306649,2
306650,2
306651,1
306652,1
306653,1
306654,1
306655,1
306656,1
306657,2
306658,2
306659,2
306660,1
306661,1
306662,1
306663,1
306664,2
306665,1
306666,2
306667,2
306668,1
306669,1
306670,1
306671,2
306672,1
306673,1
306674,1
306675,1
306676,2
306677,2
306678,2
306679,2
306680,2
306681,2
306682,2
306683,1
306684,1
306685,1
306686,2
306687,1
306688,1
306689,1
306690,1
306691,1
306692,1
306693,1
306694,1
306695,2
306696,1
306697,1
306698,1
306699,1
306700,2
306701,1
306702,1
306703,1
306704,1
306705,1
306706,2
306707,1
306708,1
306709,1
306710,1
306711,1
306712,1
306713,2
306714,2
306715,2
306716,1
306717,2
306718,2
306719,1
306720,1
306721,1
306722,2
306723,1
306724,2
306725,2
306726,1
306727,1
306728,1
306729,1
306730,2
306731,1
306732,2
306733,1
306734,1
306735,1
306736,1
306737,1
306738,2
306739,1
306740,1
306741,1
306742,1
306743,1
306744,1
306745,1
306746,1
306747,1
306748,1
306749,1
306750,1
306751,2
306752,1
306753,1
306754,1
306755,1
306756,1
306757,2
306758,2
306759,1
306760,1
306761,1
306762,1
306763,2
306764,1
306765,1
306766,2
306767,1
306768,2
306769,1
306770,2
306771,1
306772,1
306773,1
306774,1
306775,2
306776,1
306777,1
306778,1
306779,1
306780,1
306781,1
306782,1
306783,1
306784,1
306785,1
306786,1
306787,1
306788,1
306789,1
306790,1
306791,1
306792,1
306793,1
306794,1
306795,1
306796,1
306797,1
306798,1
306799,1
306800,1
306801,1
306802,1
306803,1
306804,2
306805,2
306806,2
306807,2
306808,2
306809,1
306810,2
306811,1
306812,2
306813,1
306814,1
306815,2
306816,2
306817,2
306818,2
306819,2
306820,2
306821,2
306822,2
306823,1
306824,1
306825,2
306826,2
306827,1
306828,1
306829,1
306830,1
306831,1
306832,1
306833,2
306834,2
306835,1
306836,1
306837,1
306838,2
306839,2
306840,1
306841,1
306842,2
306843,1
306844,1
306845,1
306846,1
306847,1
306848,2
306849,2
306850,2
306851,1
306852,2
306853,1
306854,1
306855,1
306856,1
306857,1
306858,1
306859,1
306860,1
306861,1
306862,1
306863,2
306864,1
306865,1
306866,1
306867,1
306868,1
306869,1
306870,1
306871,1
306872,1
306873,1
306874,1
306875,1
306876,2
306877,1
306878,1
306879,1
306880,1
306881,2
306882,1
306883,1
306884,2
306885,1
306886,1
306887,1
306888,2
306889,1
306890,1
306891,2
306892,1
306893,2
306894,1
306895,1
306896,2
306897,1
306898,2
306899,1
306900,1
306901,1
306902,1
306903,2
306904,1
306905,1
306906,1
306907,1
306908,1
306909,2
306910,1
306911,1
306912,2
306913,2
306914,2
306915,2
306916,1
306917,2
306918,1
306919,2
306920,1
306921,1
306922,2
306923,1
306924,1
306925,1
306926,1
306927,2
306928,1
306929,1
306930,2
306931,2
306932,2
306933,1
306934,1
306935,2
306936,1
306937,2
306938,1
306939,1
306940,1
306941,2
306942,1
306943,1
306944,1
306945,1
306946,2
306947,2
306948,1
306949,1
306950,1
306951,1
306952,1
306953,1
306954,1
306955,1
306956,2
306957,1
306958,2
306959,2
306960,1
306961,1
306962,2
306963,2
306964,2
306965,2
306966,2
306967,1
306968,1
306969,1
306970,1
306971,1
306972,1
306973,1
306974,1
306975,1
306976,1
306977,2
306978,1
306979,1
306980,1
306981,1
306982,2
306983,2
306984,1
306985,2
306986,1
306987,1
306988,1
306989,1
306990,1
306991,1
306992,1
306993,2
306994,2
306995,2
306996,1
306997,2
306998,1
306999,1
307000,2
307001,2
307002,1
307003,1
307004,2
307005,2
307006,2
307007,1
307008,1
307009,1
307010,1
307011,1
307012,1
307013,2
307014,2
307015,2
307016,2
307017,1
307018,2
307019,1
307020,2
307021,1
307022,1
307023,1
307024,1
307025,2
307026,1
307027,1
307028,1
307029,1
307030,2
307031,1
307032,2
307033,2
307034,1
307035,2
307036,2
307037,1
307038,2
307039,1
307040,1
307041,2
307042,2
307043,2
307044,2
307045,2
307046,1
307047,1
307048,1
307049,2
307050,1
307051,2
307052,2
307053,1
307054,1
307055,1
307056,1
307057,1
307058,1
307059,2
307060,2
307061,1
307062,2
307063,1
307064,1
307065,1
307066,2
307067,1
307068,1
307069,2
307070,2
307071,1
307072,1
307073,1
307074,2
307075,1
307076,1
307077,1
307078,2
307079,2
307080,1
307081,1
307082,1
307083,1
307084,1
307085,1
307086,1
307087,1
307088,1
307089,1
307090,1
307091,2
307092,2
307093,1
307094,1
307095,1
307096,1
307097,2
307098,1
307099,1
307100,2
307101,2
307102,1
307103,1
307104,2
307105,2
307106,2
307107,2
307108,2
307109,1
307110,1
307111,2
307112,2
307113,1
307114,1
307115,1
307116,1
307117,1
307118,2
307119,1
307120,2
307121,1
307122,2
307123,1
307124,2
307125,2
307126,1
307127,2
307128,2
307129,1
307130,2
307131,2
307132,2
307133,2
307134,2
307135,1
307136,1
307137,1
307138,1
307139,2
307140,2
307141,1
307142,1
307143,1
307144,1
307145,1
307146,2
307147,2
307148,1
307149,1
307150,1
307151,1
307152,1
307153,2
307154,1
307155,1
307156,2
307157,1
307158,1
307159,1
307160,1
307161,2
307162,1
307163,2
307164,2
307165,2
307166,1
307167,1
307168,2
307169,1
307170,1
307171,2
307172,1
307173,2
307174,2
307175,1
307176,1
307177,1
307178,1
307179,2
307180,1
307181,2
307182,1
307183,1
307184,2
307185,2
307186,2
307187,2
307188,2
307189,2
307190,2
307191,1
307192,1
307193,1
307194,1
307195,1
307196,1
307197,2
307198,1
307199,1
307200,1
307201,1
307202,1
307203,1
307204,1
307205,2
307206,1
307207,2
307208,2
307209,2
307210,1
307211,1
307212,1
307213,1
307214,2
307215,2
307216,1
307217,2
307218,2
307219,1
307220,1
307221,1
307222,1
307223,1
307224,2
307225,1
307226,1
307227,2
307228,1
307229,1
307230,2
307231,1
307232,1
307233,1
307234,1
307235,2
307236,1
307237,1
307238,2
307239,1
307240,1
307241,1
307242,1
307243,2
307244,1
307245,1
307246,2
307247,1
307248,1
307249,1
307250,1
307251,1
307252,1
307253,1
307254,1
307255,1
307256,1
307257,1
307258,1
307259,2
307260,1
307261,1
307262,2
307263,1
307264,1
307265,1
307266,1
307267,1
307268,1
307269,1
307270,1
307271,1
307272,2
307273,1
307274,1
307275,2
307276,1
307277,2
307278,2
307279,2
307280,2
307281,1
307282,1
307283,2
307284,2
307285,2
307286,1
307287,2
307288,1
307289,1
307290,2
307291,1
307292,1
307293,1
307294,1
307295,1
307296,1
307297,1
307298,1
307299,2
307300,1
307301,1
307302,1
307303,1
307304,1
307305,1
307306,2
307307,2
307308,1
307309,1
307310,1
307311,1
307312,1
307313,1
307314,1
307315,1
307316,1
307317,1
307318,2
307319,2
307320,2
307321,2
307322,2
307323,1
307324,2
307325,2
307326,2
307327,1
307328,1
307329,2
307330,2
307331,2
307332,1
307333,1
307334,1
307335,1
307336,2
307337,1
307338,1
307339,2
307340,1
307341,1
307342,1
307343,1
307344,1
307345,1
307346,1
307347,1
307348,2
307349,1
307350,1
307351,2
307352,1
307353,2
307354,1
307355,1
307356,1
307357,1
307358,1
307359,2
307360,2
307361,1
307362,1
307363,1
307364,1
307365,1
307366,2
307367,1
307368,2
307369,1
307370,1
307371,1
307372,1
307373,2
307374,1
307375,1
307376,2
307377,2
307378,2
307379,1
307380,1
307381,2
307382,1
307383,1
307384,1
307385,1
307386,1
307387,1
307388,1
307389,1
307390,1
307391,2
307392,1
307393,1
307394,2
307395,2
307396,1
307397,1
307398,1
307399,1
307400,1
307401,1
307402,1
307403,1
307404,2
307405,1
307406,1
307407,1
307408,2
307409,2
307410,1
307411,2
307412,1
307413,1
307414,1
307415,2
307416,1
307417,1
307418,1
307419,1
307420,1
307421,1
307422,1
307423,1
307424,2
307425,1
307426,1
307427,1
307428,1
307429,2
307430,2
307431,2
307432,1
307433,1
307434,1
307435,1
307436,1
307437,2
307438,1
307439,1
307440,1
307441,2
307442,1
307443,2
307444,2
307445,2
307446,2
307447,1
307448,1
307449,1
307450,2
307451,1
307452,1
307453,1
307454,1
307455,2
307456,1
307457,1
307458,2
307459,1
307460,1
307461,1
307462,1
307463,1
307464,1
307465,1
307466,1
307467,2
307468,1
307469,1
307470,1
307471,1
307472,1
307473,1
307474,1
307475,2
307476,2
307477,1
307478,2
307479,1
307480,1
307481,1
307482,1
307483,2
307484,2
307485,1
307486,1
307487,2
307488,1
307489,2
307490,2
307491,2
307492,2
307493,1
307494,2
307495,1
307496,1
307497,2
307498,1
307499,1
307500,1
307501,1
307502,1
307503,1
307504,1
307505,1
307506,1
307507,1
307508,1
307509,2
307510,1
307511,1
307512,1
307513,2
307514,1
307515,2
307516,1
307517,1
307518,1
307519,1
307520,1
307521,1
307522,1
307523,1
307524,1
307525,1
307526,1
307527,2
307528,1
307529,1
307530,2
307531,1
307532,1
307533,2
307534,1
307535,1
307536,1
307537,1
307538,1
307539,1
307540,1
307541,1
307542,1
307543,1
307544,1
307545,1
307546,1
307547,1
307548,1
307549,1
307550,2
307551,1
307552,2
307553,1
307554,1
307555,1
307556,1
307557,1
307558,1
307559,2
307560,1
307561,2
307562,2
307563,1
307564,1
307565,1
307566,1
307567,1
307568,1
307569,1
307570,1
307571,1
307572,1
307573,2
307574,1
307575,1
307576,1
307577,1
307578,1
307579,2
307580,1
307581,1
307582,1
307583,1
307584,1
307585,1
307586,1
307587,2
307588,2
307589,2
307590,1
307591,2
307592,2
307593,1
307594,1
307595,2
307596,1
307597,1
307598,1
307599,2
307600,1
307601,1
307602,1
307603,1
307604,1
307605,1
307606,2
307607,1
307608,1
307609,2
307610,1
307611,1
307612,1
307613,2
307614,1
307615,1
307616,1
307617,1
307618,1
307619,2
307620,1
307621,2
307622,1
307623,1
307624,1
307625,1
307626,1
307627,2
307628,2
307629,1
307630,2
307631,1
307632,2
307633,1
307634,1
307635,1
307636,2
307637,1
307638,1
307639,1
307640,1
307641,1
307642,1
307643,1
307644,1
307645,2
307646,1
307647,1
307648,2
307649,1
307650,1
307651,1
307652,2
307653,2
307654,1
307655,2
307656,1
307657,2
307658,2
307659,1
307660,1
307661,2
307662,1
307663,1
307664,1
307665,2
307666,1
307667,1
307668,1
307669,1
307670,1
307671,1
307672,1
307673,1
307674,1
307675,1
307676,2
307677,2
307678,1
307679,1
307680,1
307681,1
307682,2
307683,1
307684,1
307685,1
307686,2
307687,1
307688,1
307689,1
307690,1
307691,1
307692,1
307693,1
307694,1
307695,1
307696,1
307697,1
307698,1
307699,2
307700,2
307701,2
307702,2
307703,2
307704,2
307705,2
307706,2
307707,1
307708,2
307709,1
307710,1
307711,2
307712,1
307713,2
307714,1
307715,1
307716,1
307717,1
307718,1
307719,1
307720,1
307721,2
307722,1
307723,1
307724,1
307725,2
307726,2
307727,1
307728,1
307729,2
307730,2
307731,1
307732,2
307733,2
307734,1
307735,1
307736,2
307737,1
307738,1
307739,1
307740,1
307741,1
307742,1
307743,1
307744,2
307745,2
307746,2
307747,2
307748,2
307749,1
307750,1
307751,1
307752,2
307753,2
307754,2
307755,2
307756,1
307757,2
307758,2
307759,2
307760,1
307761,2
307762,2
307763,1
307764,2
307765,1
307766,2
307767,1
307768,1
307769,1
307770,2
307771,1
307772,2
307773,1
307774,2
307775,2
307776,1
307777,1
307778,1
307779,1
307780,1
307781,2
307782,1
307783,1
307784,1
307785,2
307786,1
307787,1
307788,1
307789,1
307790,1
307791,1
307792,2
307793,1
307794,1
307795,2
307796,1
307797,1
307798,1
307799,1
307800,1
307801,1
307802,1
307803,2
307804,2
307805,1
307806,1
307807,1
307808,1
307809,1
307810,1
307811,1
307812,1
307813,1
307814,2
307815,1
307816,1
307817,1
307818,1
307819,1
307820,2
307821,1
307822,2
307823,2
307824,1
307825,2
307826,1
307827,1
307828,1
307829,1
307830,1
307831,1
307832,1
307833,1
307834,2
307835,2
307836,1
307837,1
307838,2
307839,2
307840,2
307841,1
307842,1
307843,2
307844,1
307845,1
307846,1
307847,1
307848,2
307849,1
307850,1
307851,2
307852,1
307853,1
307854,1
307855,2
307856,1
307857,1
307858,1
307859,1
307860,1
307861,1
307862,1
307863,1
307864,1
307865,2
307866,1
307867,1
307868,1
307869,1
307870,1
307871,1
307872,2
307873,2
307874,2
307875,1
307876,1
307877,1
307878,1
307879,1
307880,2
307881,2
307882,1
307883,2
307884,1
307885,2
307886,2
307887,2
307888,2
307889,2
307890,2
307891,2
307892,2
307893,2
307894,2
307895,1
307896,1
307897,2
307898,1
307899,2
307900,2
307901,1
307902,1
307903,2
307904,2
307905,1
307906,2
307907,1
307908,1
307909,1
307910,1
307911,1
307912,2
307913,2
307914,2
307915,2
307916,1
307917,2
307918,2
307919,2
307920,2
307921,2
307922,1
307923,1
307924,1
307925,2
307926,2
307927,1
307928,1
307929,1
307930,2
307931,2
307932,1
307933,1
307934,1
307935,1
307936,1
307937,1
307938,2
307939,1
307940,1
307941,2
307942,1
307943,1
307944,1
307945,2
307946,2
307947,1
307948,1
307949,1
307950,1
307951,2
307952,2
307953,1
307954,2
307955,2
307956,2
307957,1
307958,1
307959,1
307960,1
307961,1
307962,1
307963,2
307964,2
307965,1
307966,2
307967,1
307968,1
307969,2
307970,1
307971,2
307972,2
307973,2
307974,2
307975,2
307976,1
307977,1
307978,1
307979,1
307980,1
307981,1
307982,1
307983,2
307984,1
307985,1
307986,2
307987,1
307988,1
307989,1
307990,1
307991,1
307992,1
307993,2
307994,2
307995,1
307996,1
307997,1
307998,1
307999,1
308000,2
308001,1
308002,1
308003,1
308004,2
308005,1
308006,1
308007,1
308008,2
308009,1
308010,1
308011,1
308012,1
308013,1
308014,1
308015,1
308016,2
308017,2
308018,1
308019,1
308020,1
308021,2
308022,1
308023,1
308024,1
308025,1
308026,2
308027,1
308028,2
308029,2
308030,2
308031,2
308032,1
308033,2
308034,2
308035,1
308036,1
308037,1
308038,1
308039,1
308040,2
308041,1
308042,1
308043,2
308044,1
308045,1
308046,2
308047,2
308048,1
308049,1
308050,1
308051,1
308052,1
308053,1
308054,1
308055,1
308056,1
308057,2
308058,1
308059,2
308060,1
308061,1
308062,1
308063,1
308064,1
308065,1
308066,1
308067,1
308068,1
308069,1
308070,1
308071,2
308072,2
308073,2
308074,2
308075,1
308076,1
308077,2
308078,1
308079,1
308080,1
308081,1
308082,2
308083,1
308084,1
308085,1
308086,1
308087,2
308088,1
308089,2
308090,2
308091,1
308092,1
308093,2
308094,1
308095,1
308096,1
308097,1
308098,2
308099,2
308100,1
308101,2
308102,2
308103,1
308104,1
308105,2
308106,1
308107,2
308108,1
308109,2
308110,1
308111,1
308112,1
308113,1
308114,2
308115,1
308116,1
308117,2
308118,1
308119,1
308120,1
308121,1
308122,1
308123,1
308124,1
308125,1
308126,1
308127,1
308128,2
308129,1
308130,1
308131,1
308132,1
308133,1
308134,1
308135,2
308136,2
308137,1
308138,1
308139,2
308140,1
308141,1
308142,1
308143,2
308144,2
308145,1
308146,1
308147,2
308148,1
308149,1
308150,2
308151,2
308152,2
308153,2
308154,1
308155,1
308156,1
308157,1
308158,1
308159,1
308160,2
308161,1
308162,1
308163,1
308164,1
308165,2
308166,1
308167,2
308168,1
308169,2
308170,1
308171,1
308172,2
308173,1
308174,2
308175,1
308176,2
308177,1
308178,2
308179,1
308180,1
308181,1
308182,1
308183,1
308184,1
308185,1
308186,1
308187,1
308188,1
308189,1
308190,1
308191,2
308192,2
308193,1
308194,1
308195,1
308196,1
308197,2
308198,1
308199,1
308200,1
308201,1
308202,1
308203,1
308204,1
308205,1
308206,1
308207,1
308208,2
308209,1
308210,1
308211,1
308212,1
308213,1
308214,1
308215,1
308216,2
308217,1
308218,2
308219,1
308220,2
308221,2
308222,2
308223,1
308224,1
308225,1
308226,1
308227,1
308228,1
308229,1
308230,1
308231,2
308232,1
308233,1
308234,1
308235,1
308236,1
308237,1
308238,1
308239,1
308240,2
308241,1
308242,1
308243,1
308244,1
308245,1
308246,1
308247,2
308248,2
308249,1
308250,1
308251,1
308252,1
308253,1
308254,2
308255,1
308256,2
308257,1
308258,1
308259,1
308260,1
308261,1
308262,1
308263,1
308264,1
308265,1
308266,1
308267,1
308268,1
308269,2
308270,1
308271,1
308272,1
308273,1
308274,1
308275,1
308276,1
308277,1
308278,1
308279,1
308280,2
308281,1
308282,1
308283,1
308284,1
308285,2
308286,2
308287,2
308288,2
308289,2
308290,2
308291,1
308292,1
308293,1
308294,2
308295,2
308296,2
308297,1
308298,1
308299,1
308300,1
308301,1
308302,1
308303,1
308304,1
308305,1
308306,2
308307,1
308308,1
308309,2
308310,1
308311,1
308312,1
308313,2
308314,2
308315,2
308316,1
308317,2
308318,1
308319,2
308320,1
308321,2
308322,1
308323,1
308324,1
308325,1
308326,1
308327,1
308328,1
308329,1
308330,1
308331,1
308332,1
308333,1
308334,1
308335,1
308336,2
308337,1
308338,1
308339,1
308340,1
308341,1
308342,2
308343,2
308344,1
308345,1
308346,2
308347,1
308348,1
308349,1
308350,1
308351,1
308352,1
308353,1
308354,2
308355,1
308356,2
308357,1
308358,1
308359,2
308360,1
308361,1
308362,2
308363,2
308364,1
308365,2
308366,1
308367,1
308368,1
308369,1
308370,1
308371,1
308372,1
308373,1
308374,1
308375,1
308376,2
308377,2
308378,2
308379,1
308380,2
308381,1
308382,1
308383,1
308384,1
308385,1
308386,1
308387,1
308388,1
308389,1
308390,1
308391,2
308392,1
308393,2
308394,1
308395,1
308396,1
308397,2
308398,1
308399,1
308400,1
308401,1
308402,1
308403,1
308404,1
308405,1
308406,1
308407,1
308408,1
308409,1
308410,1
308411,1
308412,1
308413,1
308414,1
308415,1
308416,2
308417,1
308418,1
308419,1
308420,1
308421,1
308422,2
308423,2
308424,1
308425,2
308426,1
308427,1
308428,2
308429,1
308430,1
308431,2
308432,1
308433,1
308434,1
308435,2
308436,1
308437,1
308438,1
308439,1
308440,1
308441,2
308442,2
308443,2
308444,1
308445,2
308446,2
308447,2
308448,2
308449,2
308450,2
308451,1
308452,2
308453,1
308454,2
308455,1
308456,2
308457,2
308458,2
308459,2
308460,2
308461,2
308462,1
308463,1
308464,1
308465,2
308466,1
308467,1
308468,1
308469,2
308470,1
308471,2
308472,2
308473,1
308474,2
308475,1
308476,2
308477,2
308478,1
308479,2
308480,2
308481,1
308482,1
308483,2
308484,1
308485,1
308486,1
308487,1
308488,1
308489,2
308490,1
308491,2
308492,1
308493,1
308494,1
308495,1
308496,1
308497,1
308498,1
308499,1
308500,1
308501,1
308502,2
308503,1
308504,1
308505,2
308506,1
308507,1
308508,1
308509,2
308510,2
308511,1
308512,2
308513,1
308514,2
308515,1
308516,1
308517,1
308518,2
308519,1
308520,1
308521,1
308522,2
308523,2
308524,1
308525,1
308526,1
308527,1
308528,1
308529,1
308530,1
308531,1
308532,1
308533,1
308534,1
308535,2
308536,1
308537,1
308538,1
308539,2
308540,1
308541,1
308542,1
308543,1
308544,1
308545,2
308546,1
308547,1
308548,1
308549,1
308550,1
308551,1
308552,1
308553,1
308554,1
308555,1
308556,1
308557,2
308558,1
308559,1
308560,1
308561,1
308562,1
308563,1
308564,1
308565,1
308566,1
308567,1
308568,1
308569,1
308570,1
308571,1
308572,1
308573,2
308574,1
308575,1
308576,2
308577,1
308578,1
308579,2
308580,2
308581,1
308582,2
308583,1
308584,2
308585,1
308586,1
308587,1
308588,2
308589,1
308590,1
308591,1
308592,2
308593,2
308594,2
308595,1
308596,1
308597,1
308598,1
308599,2
308600,2
308601,1
308602,1
308603,1
308604,1
308605,1
308606,1
308607,2
308608,2
308609,2
308610,2
308611,1
308612,2
308613,1
308614,2
308615,1
308616,1
308617,1
308618,1
308619,1
308620,1
308621,1
308622,1
308623,1
308624,2
308625,1
308626,1
308627,1
308628,1
308629,1
308630,1
308631,1
308632,1
308633,2
308634,1
308635,1
308636,2
308637,1
308638,1
308639,2
308640,2
308641,2
308642,1
308643,1
308644,2
308645,1
308646,1
308647,2
308648,1
308649,1
308650,1
308651,1
308652,1
308653,2
308654,1
308655,1
308656,1
308657,1
308658,1
308659,1
308660,1
308661,1
308662,1
308663,2
308664,1
308665,1
308666,1
308667,1
308668,1
308669,2
308670,1
308671,2
308672,1
308673,2
308674,2
308675,1
308676,1
308677,2
308678,1
308679,1
308680,1
308681,1
308682,1
308683,1
308684,1
308685,1
308686,1
308687,2
308688,1
308689,1
308690,2
308691,1
308692,1
308693,1
308694,1
308695,1
308696,2
308697,2
308698,1
308699,2
308700,2
308701,1
308702,1
308703,1
308704,1
308705,1
308706,1
308707,1
308708,1
308709,1
308710,2
308711,1
308712,1
308713,1
308714,2
308715,1
308716,2
308717,1
308718,2
308719,1
308720,2
308721,1
308722,1
308723,2
308724,2
308725,2
308726,2
308727,1
308728,1
308729,1
308730,1
308731,1
308732,2
308733,2
308734,1
308735,1
308736,2
308737,1
308738,2
308739,1
308740,1
308741,1
308742,1
308743,1
308744,1
308745,1
308746,1
308747,1
308748,2
308749,1
308750,1
308751,2
308752,1
308753,1
308754,1
308755,1
308756,1
308757,1
308758,1
308759,1
308760,1
308761,1
308762,1
308763,1
308764,1
308765,1
308766,1
308767,2
308768,1
308769,2
308770,2
308771,1
308772,1
308773,1
308774,2
308775,1
308776,1
308777,1
308778,1
308779,1
308780,1
308781,2
308782,1
308783,1
308784,1
308785,1
308786,1
308787,1
308788,1
308789,1
308790,1
308791,1
308792,1
308793,1
308794,1
308795,1
308796,1
308797,1
308798,1
308799,1
308800,2
308801,2
308802,2
308803,2
308804,1
308805,1
308806,1
308807,1
308808,1
308809,1
308810,2
308811,1
308812,1
308813,1
308814,2
308815,1
308816,1
308817,1
308818,1
308819,1
308820,1
308821,1
308822,1
308823,2
308824,1
308825,1
308826,1
308827,1
308828,1
308829,1
308830,1
308831,1
308832,1
308833,1
308834,1
308835,1
308836,1
308837,1
308838,1
308839,2
308840,1
308841,1
308842,1
308843,2
308844,1
308845,1
308846,1
308847,1
308848,2
308849,1
308850,1
308851,1
308852,2
308853,1
308854,1
308855,2
308856,1
308857,1
308858,2
308859,2
308860,2
308861,2
308862,1
308863,1
308864,1
308865,1
308866,1
308867,1
308868,2
308869,2
308870,2
308871,2
308872,1
308873,1
308874,1
308875,1
308876,2
308877,1
308878,2
308879,1
308880,1
308881,1
308882,1
308883,1
308884,1
308885,1
308886,1
308887,1
308888,1
308889,1
308890,1
308891,1
308892,2
308893,1
308894,1
308895,1
308896,1
308897,1
308898,1
308899,1
308900,1
308901,1
308902,1
308903,1
308904,1
308905,1
308906,2
308907,1
308908,1
308909,1
308910,2
308911,1
308912,1
308913,1
308914,1
308915,1
308916,1
308917,1
308918,2
308919,1
308920,2
308921,2
308922,1
308923,2
308924,1
308925,2
308926,2
308927,1
308928,2
308929,1
308930,1
308931,2
308932,2
308933,1
308934,2
308935,1
308936,1
308937,1
308938,2
308939,1
308940,1
308941,2
308942,1
308943,2
308944,1
308945,1
308946,1
308947,1
308948,1
308949,2
308950,2
308951,1
308952,2
308953,2
308954,1
308955,1
308956,2
308957,1
308958,1
308959,1
308960,1
308961,1
308962,1
308963,1
308964,1
308965,1
308966,2
308967,2
308968,1
308969,1
308970,1
308971,2
308972,2
308973,1
308974,1
308975,2
308976,1
308977,2
308978,1
308979,1
308980,1
308981,2
308982,1
308983,1
308984,1
308985,1
308986,1
308987,2
308988,1
308989,2
308990,2
308991,1
308992,1
308993,1
308994,1
308995,1
308996,1
308997,1
308998,1
308999,1
309000,1
309001,2
309002,1
309003,1
309004,1
309005,1
309006,1
309007,1
309008,1
309009,1
309010,2
309011,2
309012,2
309013,1
309014,2
309015,1
309016,2
309017,1
309018,1
309019,1
309020,2
309021,2
309022,2
309023,2
309024,1
309025,1
309026,2
309027,1
309028,2
309029,2
309030,1
309031,1
309032,1
309033,1
309034,1
309035,1
309036,1
309037,1
309038,2
309039,2
309040,2
309041,2
309042,2
309043,2
309044,2
309045,2
309046,2
309047,1
309048,1
309049,2
309050,1
309051,1
309052,2
309053,2
309054,1
309055,1
309056,1
309057,1
309058,1
309059,1
309060,2
309061,2
309062,2
309063,1
309064,2
309065,1
309066,2
309067,1
309068,2
309069,1
309070,1
309071,2
309072,1
309073,2
309074,2
309075,2
309076,1
309077,2
309078,1
309079,1
309080,2
309081,2
309082,2
309083,2
309084,1
309085,1
309086,1
309087,1
309088,1
309089,1
309090,1
309091,1
309092,1
309093,2
309094,1
309095,1
309096,1
309097,1
309098,1
309099,1
309100,1
309101,2
309102,1
309103,1
309104,2
309105,1
309106,1
309107,1
309108,1
309109,1
309110,2
309111,1
309112,1
309113,1
309114,1
309115,1
309116,2
309117,1
309118,1
309119,1
309120,2
309121,1
309122,1
309123,1
309124,1
309125,1
309126,1
309127,1
309128,1
309129,2
309130,1
309131,1
309132,1
309133,2
309134,2
309135,2
309136,2
309137,2
309138,1
309139,1
309140,1
309141,1
309142,1
309143,1
309144,1
309145,1
309146,2
309147,1
309148,2
309149,1
309150,2
309151,1
309152,1
309153,2
309154,1
309155,1
309156,1
309157,2
309158,1
309159,1
309160,2
309161,1
309162,2
309163,1
309164,1
309165,1
309166,1
309167,1
309168,1
309169,1
309170,2
309171,1
309172,1
309173,1
309174,1
309175,1
309176,2
309177,1
309178,1
309179,1
309180,1
309181,2
309182,1
309183,2
309184,2
309185,1
309186,1
309187,2
309188,2
309189,1
309190,1
309191,1
309192,1
309193,1
309194,2
309195,2
309196,1
309197,1
309198,2
309199,1
309200,1
309201,1
309202,2
309203,1
309204,1
309205,1
309206,1
309207,1
309208,2
309209,1
309210,2
309211,1
309212,1
309213,2
309214,1
309215,2
309216,1
309217,2
309218,1
309219,2
309220,1
309221,1
309222,2
309223,1
309224,2
309225,1
309226,2
309227,1
309228,2
309229,1
309230,1
309231,2
309232,2
309233,2
309234,2
309235,1
309236,1
309237,2
309238,1
309239,1
309240,1
309241,2
309242,1
309243,1
309244,2
309245,1
309246,1
309247,1
309248,2
309249,1
309250,1
309251,2
309252,1
309253,2
309254,1
309255,1
309256,1
309257,2
309258,1
309259,1
309260,2
309261,2
309262,1
309263,1
309264,1
309265,1
309266,1
309267,2
309268,1
309269,1
309270,1
309271,1
309272,1
309273,1
309274,1
309275,1
309276,1
309277,2
309278,1
309279,1
309280,1
309281,1
309282,1
309283,1
309284,1
309285,1
309286,1
309287,1
309288,1
309289,1
309290,2
309291,1
309292,1
309293,1
309294,2
309295,2
309296,1
309297,2
309298,2
309299,2
309300,1
309301,1
309302,1
309303,1
309304,1
309305,1
309306,2
309307,1
309308,1
309309,1
309310,1
309311,2
309312,2
309313,2
309314,1
309315,2
309316,1
309317,1
309318,1
309319,1
309320,1
309321,2
309322,1
309323,1
309324,1
309325,2
309326,1
309327,2
309328,2
309329,2
309330,2
309331,2
309332,2
309333,1
309334,1
309335,1
309336,1
309337,1
309338,2
309339,1
309340,1
309341,2
309342,1
309343,2
309344,1
309345,1
309346,2
309347,2
309348,2
309349,2
309350,1
309351,2
309352,2
309353,2
309354,1
309355,1
309356,1
309357,1
309358,1
309359,2
309360,1
309361,1
309362,1
309363,1
309364,1
309365,1
309366,1
309367,2
309368,1
309369,1
309370,2
309371,1
309372,1
309373,2
309374,1
309375,2
309376,1
309377,1
309378,1
309379,2
309380,2
309381,1
309382,2
309383,1
309384,2
309385,1
309386,1
309387,2
309388,1
309389,1
309390,2
309391,1
309392,1
309393,1
309394,2
309395,1
309396,2
309397,2
309398,1
309399,2
309400,1
309401,1
309402,1
309403,2
309404,1
309405,1
309406,1
309407,1
309408,2
309409,1
309410,1
309411,1
309412,2
309413,1
309414,2
309415,1
309416,2
309417,1
309418,1
309419,1
309420,1
309421,1
309422,1
309423,1
309424,1
309425,1
309426,1
309427,1
309428,1
309429,1
309430,1
309431,1
309432,2
309433,1
309434,1
309435,2
309436,2
309437,2
309438,1
309439,2
309440,2
309441,1
309442,1
309443,1
309444,2
309445,1
309446,2
309447,2
309448,1
309449,1
309450,2
309451,1
309452,1
309453,1
309454,1
309455,1
309456,2
309457,1
309458,1
309459,1
309460,1
309461,1
309462,1
309463,1
309464,2
309465,1
309466,1
309467,1
309468,2
309469,2
309470,2
309471,1
309472,2
309473,1
309474,1
309475,2
309476,2
309477,1
309478,1
309479,1
309480,1
309481,1
309482,2
309483,1
309484,1
309485,1
309486,1
309487,1
309488,1
309489,2
309490,2
309491,1
309492,1
309493,1
309494,2
309495,2
309496,1
309497,2
309498,2
309499,2
309500,2
309501,2
309502,2
309503,1
309504,1
309505,1
309506,2
309507,1
309508,2
309509,1
309510,2
309511,2
309512,2
309513,1
309514,1
309515,1
309516,1
309517,1
309518,1
309519,1
309520,1
309521,2
309522,1
309523,1
309524,2
309525,2
309526,2
309527,1
309528,2
309529,2
309530,2
309531,1
309532,2
309533,1
309534,2
309535,1
309536,2
309537,2
309538,2
309539,1
309540,1
309541,1
309542,1
309543,1
309544,1
309545,1
309546,2
309547,1
309548,2
309549,2
309550,2
309551,2
309552,1
309553,1
309554,1
309555,2
309556,2
309557,2
309558,1
309559,2
309560,1
309561,1
309562,1
309563,1
309564,1
309565,1
309566,1
309567,2
309568,1
309569,1
309570,2
309571,1
309572,1
309573,1
309574,1
309575,2
309576,1
309577,1
309578,1
309579,1
309580,2
309581,1
309582,1
309583,1
309584,1
309585,1
309586,1
309587,2
309588,1
309589,2
309590,1
309591,2
309592,1
309593,1
309594,1
309595,1
309596,2
309597,1
309598,1
309599,1
309600,1
309601,1
309602,2
309603,1
309604,1
309605,2
309606,1
309607,1
309608,1
309609,1
309610,2
309611,1
309612,1
309613,1
309614,1
309615,1
309616,1
309617,1
309618,1
309619,1
309620,2
309621,1
309622,1
309623,2
309624,1
309625,1
309626,1
309627,1
309628,1
309629,1
309630,1
309631,2
309632,2
309633,1
309634,1
309635,1
309636,1
309637,1
309638,1
309639,1
309640,1
309641,2
309642,1
309643,1
309644,2
309645,2
309646,1
309647,2
309648,1
309649,1
309650,1
309651,1
309652,1
309653,1
309654,1
309655,1
309656,1
309657,1
309658,1
309659,1
309660,1
309661,1
309662,1
309663,1
309664,2
309665,1
309666,1
309667,1
309668,1
309669,2
309670,2
309671,1
309672,1
309673,1
309674,1
309675,1
309676,1
309677,2
309678,1
309679,1
309680,2
309681,2
309682,1
309683,1
309684,2
309685,1
309686,1
309687,1
309688,2
309689,2
309690,1
309691,1
309692,1
309693,1
309694,1
309695,2
309696,1
309697,2
309698,1
309699,1
309700,2
309701,1
309702,1
309703,1
309704,1
309705,2
309706,1
309707,1
309708,1
309709,2
309710,1
309711,1
309712,2
309713,1
309714,1
309715,1
309716,2
309717,1
309718,1
309719,1
309720,1
309721,1
309722,1
309723,1
309724,2
309725,1
309726,1
309727,2
309728,2
309729,1
309730,1
309731,2
309732,2
309733,2
309734,1
309735,2
309736,1
309737,1
309738,1
309739,1
309740,1
309741,1
309742,2
309743,1
309744,1
309745,2
309746,2
309747,1
309748,1
309749,1
309750,1
309751,1
309752,1
309753,1
309754,1
309755,1
309756,1
309757,1
309758,1
309759,1
309760,1
309761,1
309762,1
309763,1
309764,2
309765,1
309766,2
309767,2
309768,1
309769,1
309770,1
309771,1
309772,1
309773,1
309774,2
309775,1
309776,1
309777,1
309778,2
309779,2
309780,1
309781,1
309782,1
309783,2
309784,1
309785,1
309786,1
309787,2
309788,1
309789,1
309790,1
309791,1
309792,1
309793,2
309794,2
309795,2
309796,1
309797,1
309798,2
309799,2
309800,1
309801,1
309802,1
309803,1
309804,1
309805,1
309806,1
309807,1
309808,1
309809,1
309810,1
309811,1
309812,2
309813,1
309814,2
309815,1
309816,2
309817,2
309818,1
309819,1
309820,1
309821,1
309822,1
309823,1
309824,1
309825,2
309826,2
309827,1
309828,1
309829,1
309830,1
309831,2
309832,1
309833,1
309834,1
309835,1
309836,2
309837,1
309838,2
309839,1
309840,1
309841,1
309842,1
309843,1
309844,2
309845,1
309846,2
309847,1
309848,2
309849,1
309850,1
309851,2
309852,1
309853,1
309854,1
309855,1
309856,1
309857,1
309858,1
309859,1
309860,1
309861,1
309862,2
309863,1
309864,1
309865,2
309866,1
309867,2
309868,1
309869,1
309870,2
309871,1
309872,1
309873,1
309874,1
309875,2
309876,1
309877,2
309878,1
309879,1
309880,1
309881,1
309882,1
309883,1
309884,1
309885,2
309886,2
309887,1
309888,1
309889,1
309890,1
309891,1
309892,1
309893,1
309894,2
309895,1
309896,1
309897,1
309898,2
309899,1
309900,1
309901,1
309902,1
309903,1
309904,1
309905,1
309906,1
309907,1
309908,1
309909,1
309910,2
309911,1
309912,1
309913,1
309914,1
309915,1
309916,1
309917,1
309918,2
309919,1
309920,1
309921,1
309922,1
309923,1
309924,2
309925,1
309926,2
309927,1
309928,1
309929,1
309930,2
309931,1
309932,2
309933,1
309934,1
309935,2
309936,1
309937,2
309938,1
309939,1
309940,1
309941,2
309942,1
309943,1
309944,2
309945,2
309946,2
309947,1
309948,2
309949,1
309950,1
309951,2
309952,1
309953,1
309954,1
309955,1
309956,1
309957,1
309958,1
309959,2
309960,1
309961,2
309962,1
309963,1
309964,1
309965,1
309966,1
309967,2
309968,2
309969,1
309970,2
309971,1
309972,1
309973,1
309974,1
309975,2
309976,2
309977,1
309978,2
309979,2
309980,2
309981,1
309982,1
309983,2
309984,1
309985,1
309986,1
309987,2
309988,2
309989,1
309990,1
309991,1
309992,1
309993,1
309994,1
309995,1
309996,1
309997,1
309998,1
309999,1
